dateRep,day,month,year,cases,deaths,countriesAndTerritories
31-05-2021,31,5,2021,366,5,Austria
30-05-2021,30,5,2021,570,6,Austria
29-05-2021,29,5,2021,538,11,Austria
28-05-2021,28,5,2021,639,4,Austria
27-05-2021,27,5,2021,405,19,Austria
26-05-2021,26,5,2021,287,8,Austria
25-05-2021,25,5,2021,342,3,Austria
24-05-2021,24,5,2021,520,3,Austria
23-05-2021,23,5,2021,626,8,Austria
22-05-2021,22,5,2021,671,12,Austria
21-05-2021,21,5,2021,603,8,Austria
20-05-2021,20,5,2021,866,13,Austria
19-05-2021,19,5,2021,630,11,Austria
18-05-2021,18,5,2021,391,15,Austria
17-05-2021,17,5,2021,676,6,Austria
16-05-2021,16,5,2021,684,12,Austria
15-05-2021,15,5,2021,721,14,Austria
14-05-2021,14,5,2021,1100,11,Austria
13-05-2021,13,5,2021,1179,14,Austria
12/5/2021,12,5,2021,968,19,Austria
11/5/2021,11,5,2021,670,16,Austria
10/5/2021,10,5,2021,1009,11,Austria
9/5/2021,9,5,2021,1251,14,Austria
8/5/2021,8,5,2021,1383,23,Austria
7/5/2021,7,5,2021,1220,8,Austria
6/5/2021,6,5,2021,1682,26,Austria
5/5/2021,5,5,2021,1297,25,Austria
4/5/2021,4,5,2021,888,25,Austria
3/5/2021,3,5,2021,1732,11,Austria
2/5/2021,2,5,2021,1655,16,Austria
1/5/2021,1,5,2021,2231,26,Austria
30-04-2021,30,4,2021,1995,33,Austria
29-04-2021,29,4,2021,2286,29,Austria
28-04-2021,28,4,2021,1557,20,Austria
27-04-2021,27,4,2021,1380,22,Austria
26-04-2021,26,4,2021,2091,11,Austria
25-04-2021,25,4,2021,2231,15,Austria
24-04-2021,24,4,2021,2407,32,Austria
23-04-2021,23,4,2021,2347,25,Austria
22-04-2021,22,4,2021,2377,40,Austria
21-04-2021,21,4,2021,2005,27,Austria
20-04-2021,20,4,2021,1792,32,Austria
19-04-2021,19,4,2021,2159,34,Austria
18-04-2021,18,4,2021,2591,23,Austria
17-04-2021,17,4,2021,2348,30,Austria
16-04-2021,16,4,2021,2561,33,Austria
15-04-2021,15,4,2021,2855,31,Austria
14-04-2021,14,4,2021,2032,51,Austria
13-04-2021,13,4,2021,1770,37,Austria
12/4/2021,12,4,2021,2139,18,Austria
11/4/2021,11,4,2021,3559,27,Austria
10/4/2021,10,4,2021,2432,34,Austria
9/4/2021,9,4,2021,3052,36,Austria
8/4/2021,8,4,2021,3006,46,Austria
7/4/2021,7,4,2021,2077,35,Austria
6/4/2021,6,4,2021,2268,26,Austria
5/4/2021,5,4,2021,2915,24,Austria
4/4/2021,4,4,2021,3693,23,Austria
3/4/2021,3,4,2021,3077,33,Austria
2/4/2021,2,4,2021,3058,23,Austria
1/4/2021,1,4,2021,3107,28,Austria
31-03-2021,31,3,2021,2810,28,Austria
30-03-2021,30,3,2021,3240,24,Austria
29-03-2021,29,3,2021,2667,11,Austria
28-03-2021,28,3,2021,3896,27,Austria
27-03-2021,27,3,2021,3487,24,Austria
26-03-2021,26,3,2021,3516,16,Austria
25-03-2021,25,3,2021,3262,29,Austria
24-03-2021,24,3,2021,2715,40,Austria
23-03-2021,23,3,2021,2306,23,Austria
22-03-2021,22,3,2021,2918,19,Austria
21-03-2021,21,3,2021,4051,22,Austria
20-03-2021,20,3,2021,3304,15,Austria
19-03-2021,19,3,2021,3507,33,Austria
18-03-2021,18,3,2021,2814,33,Austria
17-03-2021,17,3,2021,2487,23,Austria
16-03-2021,16,3,2021,1910,22,Austria
15-03-2021,15,3,2021,2664,17,Austria
14-03-2021,14,3,2021,3325,17,Austria
13-03-2021,13,3,2021,3009,23,Austria
12/3/2021,12,3,2021,2847,18,Austria
11/3/2021,11,3,2021,2847,12,Austria
10/3/2021,10,3,2021,2194,21,Austria
9/3/2021,9,3,2021,1965,23,Austria
8/3/2021,8,3,2021,2281,9,Austria
7/3/2021,7,3,2021,2846,16,Austria
6/3/2021,6,3,2021,2319,24,Austria
5/3/2021,5,3,2021,2691,19,Austria
4/3/2021,4,3,2021,2497,14,Austria
3/3/2021,3,3,2021,1926,17,Austria
2/3/2021,2,3,2021,1148,25,Austria
31-05-2021,31,5,2021,2017,14,Belgium
30-05-2021,30,5,2021,589,18,Belgium
29-05-2021,29,5,2021,1103,16,Belgium
28-05-2021,28,5,2021,2004,11,Belgium
27-05-2021,27,5,2021,2177,6,Belgium
26-05-2021,26,5,2021,2509,14,Belgium
25-05-2021,25,5,2021,2743,16,Belgium
24-05-2021,24,5,2021,889,19,Belgium
23-05-2021,23,5,2021,772,11,Belgium
22-05-2021,22,5,2021,1417,18,Belgium
21-05-2021,21,5,2021,2438,18,Belgium
20-05-2021,20,5,2021,2387,16,Belgium
19-05-2021,19,5,2021,3145,25,Belgium
18-05-2021,18,5,2021,3257,17,Belgium
17-05-2021,17,5,2021,3594,24,Belgium
16-05-2021,16,5,2021,748,17,Belgium
15-05-2021,15,5,2021,1268,22,Belgium
14-05-2021,14,5,2021,2558,20,Belgium
13-05-2021,13,5,2021,930,21,Belgium
12/5/2021,12,5,2021,2791,19,Belgium
11/5/2021,11,5,2021,2988,17,Belgium
10/5/2021,10,5,2021,3356,28,Belgium
9/5/2021,9,5,2021,867,32,Belgium
8/5/2021,8,5,2021,1707,42,Belgium
7/5/2021,7,5,2021,3304,26,Belgium
6/5/2021,6,5,2021,3490,38,Belgium
5/5/2021,5,5,2021,3633,38,Belgium
4/5/2021,4,5,2021,3653,40,Belgium
3/5/2021,3,5,2021,4331,43,Belgium
2/5/2021,2,5,2021,1134,34,Belgium
1/5/2021,1,5,2021,1336,28,Belgium
30-04-2021,30,4,2021,3474,33,Belgium
29-04-2021,29,4,2021,3358,46,Belgium
28-04-2021,28,4,2021,3451,49,Belgium
27-04-2021,27,4,2021,3763,26,Belgium
26-04-2021,26,4,2021,4259,44,Belgium
25-04-2021,25,4,2021,1137,39,Belgium
24-04-2021,24,4,2021,1889,36,Belgium
23-04-2021,23,4,2021,3630,42,Belgium
22-04-2021,22,4,2021,3798,43,Belgium
21-04-2021,21,4,2021,4077,36,Belgium
20-04-2021,20,4,2021,4456,36,Belgium
19-04-2021,19,4,2021,5450,50,Belgium
18-04-2021,18,4,2021,1305,34,Belgium
17-04-2021,17,4,2021,2331,30,Belgium
16-04-2021,16,4,2021,4027,45,Belgium
15-04-2021,15,4,2021,3803,42,Belgium
14-04-2021,14,4,2021,3911,39,Belgium
13-04-2021,13,4,2021,4284,37,Belgium
12/4/2021,12,4,2021,4722,43,Belgium
11/4/2021,11,4,2021,1297,22,Belgium
10/4/2021,10,4,2021,2349,46,Belgium
9/4/2021,9,4,2021,4480,44,Belgium
8/4/2021,8,4,2021,4453,43,Belgium
7/4/2021,7,4,2021,4724,42,Belgium
6/4/2021,6,4,2021,5190,46,Belgium
5/4/2021,5,4,2021,1574,49,Belgium
4/4/2021,4,4,2021,1472,36,Belgium
3/4/2021,3,4,2021,2694,40,Belgium
2/4/2021,2,4,2021,4879,46,Belgium
1/4/2021,1,4,2021,4684,40,Belgium
31-03-2021,31,3,2021,4707,31,Belgium
30-03-2021,30,3,2021,5196,33,Belgium
29-03-2021,29,3,2021,6154,31,Belgium
28-03-2021,28,3,2021,1683,23,Belgium
27-03-2021,27,3,2021,3056,28,Belgium
26-03-2021,26,3,2021,5714,20,Belgium
25-03-2021,25,3,2021,5579,34,Belgium
24-03-2021,24,3,2021,5555,27,Belgium
23-03-2021,23,3,2021,5997,24,Belgium
22-03-2021,22,3,2021,6285,34,Belgium
21-03-2021,21,3,2021,1590,24,Belgium
20-03-2021,20,3,2021,2841,24,Belgium
19-03-2021,19,3,2021,5197,31,Belgium
18-03-2021,18,3,2021,5047,26,Belgium
17-03-2021,17,3,2021,4843,25,Belgium
16-03-2021,16,3,2021,4606,27,Belgium
15-03-2021,15,3,2021,5281,25,Belgium
14-03-2021,14,3,2021,1397,20,Belgium
13-03-2021,13,3,2021,2182,24,Belgium
12/3/2021,12,3,2021,3765,20,Belgium
11/3/2021,11,3,2021,3518,26,Belgium
10/3/2021,10,3,2021,3412,24,Belgium
9/3/2021,9,3,2021,3420,23,Belgium
8/3/2021,8,3,2021,3711,36,Belgium
7/3/2021,7,3,2021,795,19,Belgium
6/3/2021,6,3,2021,1524,25,Belgium
5/3/2021,5,3,2021,2751,33,Belgium
4/3/2021,4,3,2021,2708,16,Belgium
3/3/2021,3,3,2021,2774,26,Belgium
2/3/2021,2,3,2021,2775,25,Belgium
31-05-2021,31,5,2021,53,5,Bulgaria
30-05-2021,30,5,2021,115,5,Bulgaria
29-05-2021,29,5,2021,287,15,Bulgaria
28-05-2021,28,5,2021,293,20,Bulgaria
27-05-2021,27,5,2021,393,36,Bulgaria
26-05-2021,26,5,2021,406,68,Bulgaria
25-05-2021,25,5,2021,81,17,Bulgaria
24-05-2021,24,5,2021,81,9,Bulgaria
23-05-2021,23,5,2021,148,13,Bulgaria
22-05-2021,22,5,2021,362,27,Bulgaria
21-05-2021,21,5,2021,368,31,Bulgaria
20-05-2021,20,5,2021,361,37,Bulgaria
19-05-2021,19,5,2021,457,36,Bulgaria
18-05-2021,18,5,2021,677,84,Bulgaria
17-05-2021,17,5,2021,151,9,Bulgaria
16-05-2021,16,5,2021,203,7,Bulgaria
15-05-2021,15,5,2021,518,49,Bulgaria
14-05-2021,14,5,2021,506,44,Bulgaria
13-05-2021,13,5,2021,657,46,Bulgaria
12/5/2021,12,5,2021,877,59,Bulgaria
11/5/2021,11,5,2021,1078,116,Bulgaria
10/5/2021,10,5,2021,241,27,Bulgaria
9/5/2021,9,5,2021,466,16,Bulgaria
8/5/2021,8,5,2021,1123,86,Bulgaria
7/5/2021,7,5,2021,545,27,Bulgaria
6/5/2021,6,5,2021,1635,164,Bulgaria
5/5/2021,5,5,2021,367,61,Bulgaria
4/5/2021,4,5,2021,631,56,Bulgaria
3/5/2021,3,5,2021,348,48,Bulgaria
2/5/2021,2,5,2021,466,45,Bulgaria
1/5/2021,1,5,2021,652,31,Bulgaria
30-04-2021,30,4,2021,1237,90,Bulgaria
29-04-2021,29,4,2021,1382,96,Bulgaria
28-04-2021,28,4,2021,1850,81,Bulgaria
27-04-2021,27,4,2021,1759,194,Bulgaria
26-04-2021,26,4,2021,400,48,Bulgaria
25-04-2021,25,4,2021,798,33,Bulgaria
24-04-2021,24,4,2021,1708,105,Bulgaria
23-04-2021,23,4,2021,1681,103,Bulgaria
22-04-2021,22,4,2021,2002,100,Bulgaria
21-04-2021,21,4,2021,2096,106,Bulgaria
20-04-2021,20,4,2021,2434,217,Bulgaria
19-04-2021,19,4,2021,418,57,Bulgaria
18-04-2021,18,4,2021,1076,38,Bulgaria
17-04-2021,17,4,2021,2126,121,Bulgaria
16-04-2021,16,4,2021,2185,108,Bulgaria
15-04-2021,15,4,2021,2517,125,Bulgaria
14-04-2021,14,4,2021,2944,127,Bulgaria
13-04-2021,13,4,2021,3122,201,Bulgaria
12/4/2021,12,4,2021,462,67,Bulgaria
11/4/2021,11,4,2021,1352,43,Bulgaria
10/4/2021,10,4,2021,2803,138,Bulgaria
9/4/2021,9,4,2021,2957,136,Bulgaria
8/4/2021,8,4,2021,3556,116,Bulgaria
7/4/2021,7,4,2021,4004,132,Bulgaria
6/4/2021,6,4,2021,3860,197,Bulgaria
5/4/2021,5,4,2021,740,82,Bulgaria
4/4/2021,4,4,2021,1919,69,Bulgaria
3/4/2021,3,4,2021,4013,125,Bulgaria
2/4/2021,2,4,2021,3694,116,Bulgaria
1/4/2021,1,4,2021,4207,129,Bulgaria
31-03-2021,31,3,2021,5176,155,Bulgaria
30-03-2021,30,3,2021,4497,203,Bulgaria
29-03-2021,29,3,2021,983,60,Bulgaria
28-03-2021,28,3,2021,2537,49,Bulgaria
27-03-2021,27,3,2021,4129,89,Bulgaria
26-03-2021,26,3,2021,3988,99,Bulgaria
25-03-2021,25,3,2021,4375,106,Bulgaria
24-03-2021,24,3,2021,4851,119,Bulgaria
23-03-2021,23,3,2021,4467,169,Bulgaria
22-03-2021,22,3,2021,943,53,Bulgaria
21-03-2021,21,3,2021,2541,34,Bulgaria
20-03-2021,20,3,2021,4162,115,Bulgaria
19-03-2021,19,3,2021,4008,102,Bulgaria
18-03-2021,18,3,2021,4201,136,Bulgaria
17-03-2021,17,3,2021,4374,107,Bulgaria
16-03-2021,16,3,2021,4637,187,Bulgaria
15-03-2021,15,3,2021,679,51,Bulgaria
14-03-2021,14,3,2021,2019,38,Bulgaria
13-03-2021,13,3,2021,3159,102,Bulgaria
12/3/2021,12,3,2021,3121,95,Bulgaria
11/3/2021,11,3,2021,2774,97,Bulgaria
10/3/2021,10,3,2021,3502,138,Bulgaria
9/3/2021,9,3,2021,2995,150,Bulgaria
8/3/2021,8,3,2021,497,21,Bulgaria
7/3/2021,7,3,2021,1426,22,Bulgaria
6/3/2021,6,3,2021,3004,65,Bulgaria
5/3/2021,5,3,2021,2198,93,Bulgaria
4/3/2021,4,3,2021,1154,22,Bulgaria
3/3/2021,3,3,2021,2403,83,Bulgaria
2/3/2021,2,3,2021,2588,117,Bulgaria
31-05-2021,31,5,2021,186,12,Croatia
30-05-2021,30,5,2021,338,10,Croatia
29-05-2021,29,5,2021,321,11,Croatia
28-05-2021,28,5,2021,375,10,Croatia
27-05-2021,27,5,2021,538,21,Croatia
26-05-2021,26,5,2021,323,21,Croatia
25-05-2021,25,5,2021,74,26,Croatia
24-05-2021,24,5,2021,251,20,Croatia
23-05-2021,23,5,2021,518,27,Croatia
22-05-2021,22,5,2021,525,28,Croatia
21-05-2021,21,5,2021,695,36,Croatia
20-05-2021,20,5,2021,1000,27,Croatia
19-05-2021,19,5,2021,491,27,Croatia
18-05-2021,18,5,2021,116,30,Croatia
17-05-2021,17,5,2021,480,21,Croatia
16-05-2021,16,5,2021,826,23,Croatia
15-05-2021,15,5,2021,926,41,Croatia
14-05-2021,14,5,2021,1064,34,Croatia
13-05-2021,13,5,2021,1471,40,Croatia
12/5/2021,12,5,2021,876,46,Croatia
11/5/2021,11,5,2021,253,34,Croatia
10/5/2021,10,5,2021,665,45,Croatia
9/5/2021,9,5,2021,1342,36,Croatia
8/5/2021,8,5,2021,1435,33,Croatia
7/5/2021,7,5,2021,1640,40,Croatia
6/5/2021,6,5,2021,2494,51,Croatia
5/5/2021,5,5,2021,1396,46,Croatia
4/5/2021,4,5,2021,349,36,Croatia
3/5/2021,3,5,2021,944,52,Croatia
2/5/2021,2,5,2021,2046,49,Croatia
1/5/2021,1,5,2021,2007,41,Croatia
30-04-2021,30,4,2021,2439,39,Croatia
29-04-2021,29,4,2021,2904,44,Croatia
28-04-2021,28,4,2021,1797,52,Croatia
27-04-2021,27,4,2021,410,51,Croatia
26-04-2021,26,4,2021,1254,39,Croatia
25-04-2021,25,4,2021,2535,31,Croatia
24-04-2021,24,4,2021,2529,46,Croatia
23-04-2021,23,4,2021,2885,46,Croatia
22-04-2021,22,4,2021,3117,49,Croatia
21-04-2021,21,4,2021,2106,42,Croatia
20-04-2021,20,4,2021,410,39,Croatia
19-04-2021,19,4,2021,1565,39,Croatia
18-04-2021,18,4,2021,2627,37,Croatia
17-04-2021,17,4,2021,2698,44,Croatia
16-04-2021,16,4,2021,2927,43,Croatia
15-04-2021,15,4,2021,3099,41,Croatia
14-04-2021,14,4,2021,1936,25,Croatia
13-04-2021,13,4,2021,422,25,Croatia
12/4/2021,12,4,2021,1617,39,Croatia
11/4/2021,11,4,2021,2535,34,Croatia
10/4/2021,10,4,2021,2599,50,Croatia
9/4/2021,9,4,2021,3217,36,Croatia
8/4/2021,8,4,2021,1649,36,Croatia
7/4/2021,7,4,2021,735,30,Croatia
6/4/2021,6,4,2021,138,25,Croatia
5/4/2021,5,4,2021,1376,33,Croatia
4/4/2021,4,4,2021,2234,29,Croatia
3/4/2021,3,4,2021,2362,29,Croatia
2/4/2021,2,4,2021,2422,20,Croatia
1/4/2021,1,4,2021,2623,19,Croatia
31-03-2021,31,3,2021,1487,17,Croatia
30-03-2021,30,3,2021,300,18,Croatia
29-03-2021,29,3,2021,1321,21,Croatia
28-03-2021,28,3,2021,1790,18,Croatia
27-03-2021,27,3,2021,1802,16,Croatia
26-03-2021,26,3,2021,1673,10,Croatia
25-03-2021,25,3,2021,1891,20,Croatia
24-03-2021,24,3,2021,956,22,Croatia
23-03-2021,23,3,2021,150,13,Croatia
22-03-2021,22,3,2021,834,20,Croatia
21-03-2021,21,3,2021,1186,10,Croatia
20-03-2021,20,3,2021,1112,17,Croatia
19-03-2021,19,3,2021,1197,17,Croatia
18-03-2021,18,3,2021,1445,12,Croatia
17-03-2021,17,3,2021,691,12,Croatia
16-03-2021,16,3,2021,129,8,Croatia
15-03-2021,15,3,2021,561,7,Croatia
14-03-2021,14,3,2021,823,23,Croatia
13-03-2021,13,3,2021,823,12,Croatia
12/3/2021,12,3,2021,777,10,Croatia
11/3/2021,11,3,2021,962,4,Croatia
10/3/2021,10,3,2021,491,12,Croatia
9/3/2021,9,3,2021,94,19,Croatia
8/3/2021,8,3,2021,394,5,Croatia
7/3/2021,7,3,2021,658,15,Croatia
6/3/2021,6,3,2021,590,6,Croatia
5/3/2021,5,3,2021,667,9,Croatia
4/3/2021,4,3,2021,747,7,Croatia
3/3/2021,3,3,2021,394,11,Croatia
2/3/2021,2,3,2021,91,11,Croatia
31-05-2021,31,5,2021,44,0,Cyprus
30-05-2021,30,5,2021,56,0,Cyprus
29-05-2021,29,5,2021,73,3,Cyprus
28-05-2021,28,5,2021,75,0,Cyprus
27-05-2021,27,5,2021,69,0,Cyprus
26-05-2021,26,5,2021,79,1,Cyprus
25-05-2021,25,5,2021,100,2,Cyprus
24-05-2021,24,5,2021,75,1,Cyprus
23-05-2021,23,5,2021,91,1,Cyprus
22-05-2021,22,5,2021,135,2,Cyprus
21-05-2021,21,5,2021,77,2,Cyprus
20-05-2021,20,5,2021,135,0,Cyprus
19-05-2021,19,5,2021,167,1,Cyprus
18-05-2021,18,5,2021,167,1,Cyprus
17-05-2021,17,5,2021,165,0,Cyprus
16-05-2021,16,5,2021,157,0,Cyprus
15-05-2021,15,5,2021,171,4,Cyprus
14-05-2021,14,5,2021,213,1,Cyprus
13-05-2021,13,5,2021,260,2,Cyprus
12/5/2021,12,5,2021,390,2,Cyprus
11/5/2021,11,5,2021,276,1,Cyprus
10/5/2021,10,5,2021,269,2,Cyprus
9/5/2021,9,5,2021,397,2,Cyprus
8/5/2021,8,5,2021,324,4,Cyprus
7/5/2021,7,5,2021,460,1,Cyprus
6/5/2021,6,5,2021,562,1,Cyprus
5/5/2021,5,5,2021,509,5,Cyprus
4/5/2021,4,5,2021,481,7,Cyprus
3/5/2021,3,5,2021,58,1,Cyprus
2/5/2021,2,5,2021,463,1,Cyprus
1/5/2021,1,5,2021,676,4,Cyprus
30-04-2021,30,4,2021,668,2,Cyprus
29-04-2021,29,4,2021,845,3,Cyprus
28-04-2021,28,4,2021,760,2,Cyprus
27-04-2021,27,4,2021,611,3,Cyprus
26-04-2021,26,4,2021,773,0,Cyprus
25-04-2021,25,4,2021,895,1,Cyprus
24-04-2021,24,4,2021,889,1,Cyprus
23-04-2021,23,4,2021,927,1,Cyprus
22-04-2021,22,4,2021,843,0,Cyprus
21-04-2021,21,4,2021,941,1,Cyprus
20-04-2021,20,4,2021,822,3,Cyprus
19-04-2021,19,4,2021,852,3,Cyprus
18-04-2021,18,4,2021,786,4,Cyprus
17-04-2021,17,4,2021,677,1,Cyprus
16-04-2021,16,4,2021,690,6,Cyprus
15-04-2021,15,4,2021,602,3,Cyprus
14-04-2021,14,4,2021,619,1,Cyprus
13-04-2021,13,4,2021,528,1,Cyprus
12/4/2021,12,4,2021,470,0,Cyprus
11/4/2021,11,4,2021,446,4,Cyprus
10/4/2021,10,4,2021,601,0,Cyprus
9/4/2021,9,4,2021,622,2,Cyprus
8/4/2021,8,4,2021,529,2,Cyprus
7/4/2021,7,4,2021,559,2,Cyprus
6/4/2021,6,4,2021,565,1,Cyprus
5/4/2021,5,4,2021,431,0,Cyprus
4/4/2021,4,4,2021,404,0,Cyprus
3/4/2021,3,4,2021,705,1,Cyprus
2/4/2021,2,4,2021,309,4,Cyprus
1/4/2021,1,4,2021,434,0,Cyprus
31-03-2021,31,3,2021,439,2,Cyprus
30-03-2021,30,3,2021,360,2,Cyprus
29-03-2021,29,3,2021,326,2,Cyprus
28-03-2021,28,3,2021,334,2,Cyprus
27-03-2021,27,3,2021,361,0,Cyprus
26-03-2021,26,3,2021,324,0,Cyprus
25-03-2021,25,3,2021,293,2,Cyprus
24-03-2021,24,3,2021,365,1,Cyprus
23-03-2021,23,3,2021,410,2,Cyprus
22-03-2021,22,3,2021,336,1,Cyprus
21-03-2021,21,3,2021,407,1,Cyprus
20-03-2021,20,3,2021,364,0,Cyprus
19-03-2021,19,3,2021,385,0,Cyprus
18-03-2021,18,3,2021,382,0,Cyprus
17-03-2021,17,3,2021,475,1,Cyprus
16-03-2021,16,3,2021,218,0,Cyprus
15-03-2021,15,3,2021,374,2,Cyprus
14-03-2021,14,3,2021,398,0,Cyprus
13-03-2021,13,3,2021,383,2,Cyprus
12/3/2021,12,3,2021,431,1,Cyprus
11/3/2021,11,3,2021,415,2,Cyprus
10/3/2021,10,3,2021,420,0,Cyprus
9/3/2021,9,3,2021,352,0,Cyprus
8/3/2021,8,3,2021,303,1,Cyprus
7/3/2021,7,3,2021,298,0,Cyprus
6/3/2021,6,3,2021,273,0,Cyprus
5/3/2021,5,3,2021,384,0,Cyprus
4/3/2021,4,3,2021,323,0,Cyprus
3/3/2021,3,3,2021,288,1,Cyprus
2/3/2021,2,3,2021,302,0,Cyprus
31-05-2021,31,5,2021,113,4,Czechia
30-05-2021,30,5,2021,224,3,Czechia
29-05-2021,29,5,2021,454,13,Czechia
28-05-2021,28,5,2021,501,29,Czechia
27-05-2021,27,5,2021,547,5,Czechia
26-05-2021,26,5,2021,655,13,Czechia
25-05-2021,25,5,2021,686,13,Czechia
24-05-2021,24,5,2021,199,8,Czechia
23-05-2021,23,5,2021,335,8,Czechia
22-05-2021,22,5,2021,684,22,Czechia
21-05-2021,21,5,2021,672,23,Czechia
20-05-2021,20,5,2021,788,19,Czechia
19-05-2021,19,5,2021,1195,15,Czechia
18-05-2021,18,5,2021,1120,20,Czechia
17-05-2021,17,5,2021,259,12,Czechia
16-05-2021,16,5,2021,602,15,Czechia
15-05-2021,15,5,2021,1060,29,Czechia
14-05-2021,14,5,2021,1231,32,Czechia
13-05-2021,13,5,2021,1280,38,Czechia
12/5/2021,12,5,2021,1686,38,Czechia
11/5/2021,11,5,2021,1533,38,Czechia
10/5/2021,10,5,2021,387,44,Czechia
9/5/2021,9,5,2021,726,20,Czechia
8/5/2021,8,5,2021,1639,39,Czechia
7/5/2021,7,5,2021,1576,87,Czechia
6/5/2021,6,5,2021,1872,42,Czechia
5/5/2021,5,5,2021,2412,58,Czechia
4/5/2021,4,5,2021,2217,56,Czechia
3/5/2021,3,5,2021,505,22,Czechia
2/5/2021,2,5,2021,1182,27,Czechia
1/5/2021,1,5,2021,2174,49,Czechia
30-04-2021,30,4,2021,2222,54,Czechia
29-04-2021,29,4,2021,2503,72,Czechia
28-04-2021,28,4,2021,3256,66,Czechia
27-04-2021,27,4,2021,2571,73,Czechia
26-04-2021,26,4,2021,2130,56,Czechia
25-04-2021,25,4,2021,8,26,Czechia
24-04-2021,24,4,2021,2607,57,Czechia
23-04-2021,23,4,2021,2629,76,Czechia
22-04-2021,22,4,2021,2971,76,Czechia
21-04-2021,21,4,2021,3831,71,Czechia
20-04-2021,20,4,2021,3319,108,Czechia
19-04-2021,19,4,2021,2364,106,Czechia
18-04-2021,18,4,2021,6,30,Czechia
17-04-2021,17,4,2021,3238,79,Czechia
16-04-2021,16,4,2021,3256,88,Czechia
15-04-2021,15,4,2021,3723,105,Czechia
14-04-2021,14,4,2021,5087,86,Czechia
13-04-2021,13,4,2021,3853,120,Czechia
12/4/2021,12,4,2021,995,110,Czechia
11/4/2021,11,4,2021,2217,74,Czechia
10/4/2021,10,4,2021,4819,117,Czechia
9/4/2021,9,4,2021,5305,151,Czechia
8/4/2021,8,4,2021,7071,137,Czechia
7/4/2021,7,4,2021,5532,160,Czechia
6/4/2021,6,4,2021,1425,112,Czechia
5/4/2021,5,4,2021,1924,112,Czechia
4/4/2021,4,4,2021,2162,78,Czechia
3/4/2021,3,4,2021,3869,102,Czechia
2/4/2021,2,4,2021,6248,179,Czechia
1/4/2021,1,4,2021,7285,165,Czechia
31-03-2021,31,3,2021,8664,199,Czechia
30-03-2021,30,3,2021,6896,85,Czechia
29-03-2021,29,3,2021,5719,263,Czechia
28-03-2021,28,3,2021,7699,96,Czechia
27-03-2021,27,3,2021,47,139,Czechia
26-03-2021,26,3,2021,7946,189,Czechia
25-03-2021,25,3,2021,8851,192,Czechia
24-03-2021,24,3,2021,10972,203,Czechia
23-03-2021,23,3,2021,8205,245,Czechia
22-03-2021,22,3,2021,2373,143,Czechia
21-03-2021,21,3,2021,5554,137,Czechia
20-03-2021,20,3,2021,9710,199,Czechia
19-03-2021,19,3,2021,10677,214,Czechia
18-03-2021,18,3,2021,12028,215,Czechia
17-03-2021,17,3,2021,14029,245,Czechia
16-03-2021,16,3,2021,10542,278,Czechia
15-03-2021,15,3,2021,3342,153,Czechia
14-03-2021,14,3,2021,6970,143,Czechia
13-03-2021,13,3,2021,15110,218,Czechia
12/3/2021,12,3,2021,11274,241,Czechia
11/3/2021,11,3,2021,14529,239,Czechia
10/3/2021,10,3,2021,15380,238,Czechia
9/3/2021,9,3,2021,10524,265,Czechia
8/3/2021,8,3,2021,3960,165,Czechia
7/3/2021,7,3,2021,9167,159,Czechia
6/3/2021,6,3,2021,13162,233,Czechia
5/3/2021,5,3,2021,14714,197,Czechia
4/3/2021,4,3,2021,15230,187,Czechia
3/3/2021,3,3,2021,16816,240,Czechia
2/3/2021,2,3,2021,12191,232,Czechia
31-05-2021,31,5,2021,949,0,Denmark
30-05-2021,30,5,2021,1038,4,Denmark
29-05-2021,29,5,2021,997,1,Denmark
28-05-2021,28,5,2021,1119,0,Denmark
27-05-2021,27,5,2021,1073,1,Denmark
26-05-2021,26,5,2021,794,1,Denmark
25-05-2021,25,5,2021,919,1,Denmark
24-05-2021,24,5,2021,835,0,Denmark
23-05-2021,23,5,2021,751,2,Denmark
22-05-2021,22,5,2021,1351,0,Denmark
21-05-2021,21,5,2021,1214,1,Denmark
20-05-2021,20,5,2021,1088,2,Denmark
19-05-2021,19,5,2021,916,0,Denmark
18-05-2021,18,5,2021,836,1,Denmark
17-05-2021,17,5,2021,964,0,Denmark
16-05-2021,16,5,2021,1074,3,Denmark
15-05-2021,15,5,2021,951,0,Denmark
14-05-2021,14,5,2021,1355,0,Denmark
13-05-2021,13,5,2021,1246,0,Denmark
12/5/2021,12,5,2021,925,2,Denmark
11/5/2021,11,5,2021,932,0,Denmark
10/5/2021,10,5,2021,874,0,Denmark
9/5/2021,9,5,2021,677,2,Denmark
8/5/2021,8,5,2021,1023,2,Denmark
7/5/2021,7,5,2021,1012,1,Denmark
6/5/2021,6,5,2021,988,1,Denmark
5/5/2021,5,5,2021,809,1,Denmark
4/5/2021,4,5,2021,761,0,Denmark
3/5/2021,3,5,2021,867,1,Denmark
2/5/2021,2,5,2021,617,4,Denmark
1/5/2021,1,5,2021,874,2,Denmark
30-04-2021,30,4,2021,769,2,Denmark
29-04-2021,29,4,2021,835,2,Denmark
28-04-2021,28,4,2021,624,2,Denmark
27-04-2021,27,4,2021,704,2,Denmark
26-04-2021,26,4,2021,612,1,Denmark
25-04-2021,25,4,2021,547,2,Denmark
24-04-2021,24,4,2021,702,5,Denmark
23-04-2021,23,4,2021,893,2,Denmark
22-04-2021,22,4,2021,803,2,Denmark
21-04-2021,21,4,2021,691,4,Denmark
20-04-2021,20,4,2021,741,4,Denmark
19-04-2021,19,4,2021,902,3,Denmark
18-04-2021,18,4,2021,724,0,Denmark
17-04-2021,17,4,2021,677,3,Denmark
16-04-2021,16,4,2021,798,2,Denmark
15-04-2021,15,4,2021,663,1,Denmark
14-04-2021,14,4,2021,563,3,Denmark
13-04-2021,13,4,2021,514,2,Denmark
12/4/2021,12,4,2021,691,2,Denmark
11/4/2021,11,4,2021,755,3,Denmark
10/4/2021,10,4,2021,698,0,Denmark
9/4/2021,9,4,2021,717,1,Denmark
8/4/2021,8,4,2021,614,3,Denmark
7/4/2021,7,4,2021,520,2,Denmark
6/4/2021,6,4,2021,479,1,Denmark
5/4/2021,5,4,2021,600,1,Denmark
4/4/2021,4,4,2021,745,4,Denmark
3/4/2021,3,4,2021,708,1,Denmark
2/4/2021,2,4,2021,662,4,Denmark
1/4/2021,1,4,2021,701,2,Denmark
31-03-2021,31,3,2021,1210,2,Denmark
30-03-2021,30,3,2021,679,1,Denmark
29-03-2021,29,3,2021,964,1,Denmark
28-03-2021,28,3,2021,416,2,Denmark
27-03-2021,27,3,2021,789,2,Denmark
26-03-2021,26,3,2021,814,5,Denmark
25-03-2021,25,3,2021,-2001,1,Denmark
24-03-2021,24,3,2021,754,1,Denmark
23-03-2021,23,3,2021,772,2,Denmark
22-03-2021,22,3,2021,657,1,Denmark
21-03-2021,21,3,2021,590,2,Denmark
20-03-2021,20,3,2021,843,0,Denmark
19-03-2021,19,3,2021,786,1,Denmark
18-03-2021,18,3,2021,787,1,Denmark
17-03-2021,17,3,2021,771,2,Denmark
16-03-2021,16,3,2021,612,2,Denmark
15-03-2021,15,3,2021,541,1,Denmark
14-03-2021,14,3,2021,613,3,Denmark
13-03-2021,13,3,2021,645,3,Denmark
12/3/2021,12,3,2021,862,2,Denmark
11/3/2021,11,3,2021,2007,1,Denmark
10/3/2021,10,3,2021,527,0,Denmark
9/3/2021,9,3,2021,425,2,Denmark
8/3/2021,8,3,2021,513,2,Denmark
7/3/2021,7,3,2021,394,0,Denmark
6/3/2021,6,3,2021,614,3,Denmark
5/3/2021,5,3,2021,520,4,Denmark
4/3/2021,4,3,2021,574,3,Denmark
3/3/2021,3,3,2021,532,2,Denmark
2/3/2021,2,3,2021,497,4,Denmark
31-05-2021,31,5,2021,58,1,Estonia
30-05-2021,30,5,2021,62,1,Estonia
29-05-2021,29,5,2021,127,3,Estonia
28-05-2021,28,5,2021,139,3,Estonia
27-05-2021,27,5,2021,144,2,Estonia
26-05-2021,26,5,2021,185,1,Estonia
25-05-2021,25,5,2021,160,0,Estonia
24-05-2021,24,5,2021,77,1,Estonia
23-05-2021,23,5,2021,103,0,Estonia
22-05-2021,22,5,2021,180,5,Estonia
21-05-2021,21,5,2021,225,3,Estonia
20-05-2021,20,5,2021,327,0,Estonia
19-05-2021,19,5,2021,257,3,Estonia
18-05-2021,18,5,2021,294,7,Estonia
17-05-2021,17,5,2021,153,0,Estonia
16-05-2021,16,5,2021,131,2,Estonia
15-05-2021,15,5,2021,280,3,Estonia
14-05-2021,14,5,2021,278,5,Estonia
13-05-2021,13,5,2021,300,2,Estonia
12/5/2021,12,5,2021,368,4,Estonia
11/5/2021,11,5,2021,359,2,Estonia
10/5/2021,10,5,2021,211,3,Estonia
9/5/2021,9,5,2021,225,6,Estonia
8/5/2021,8,5,2021,372,2,Estonia
7/5/2021,7,5,2021,382,6,Estonia
6/5/2021,6,5,2021,366,4,Estonia
5/5/2021,5,5,2021,437,6,Estonia
4/5/2021,4,5,2021,401,5,Estonia
3/5/2021,3,5,2021,258,4,Estonia
2/5/2021,2,5,2021,235,2,Estonia
1/5/2021,1,5,2021,431,8,Estonia
30-04-2021,30,4,2021,362,10,Estonia
29-04-2021,29,4,2021,425,0,Estonia
28-04-2021,28,4,2021,396,0,Estonia
27-04-2021,27,4,2021,458,5,Estonia
26-04-2021,26,4,2021,163,0,Estonia
25-04-2021,25,4,2021,215,6,Estonia
24-04-2021,24,4,2021,390,11,Estonia
23-04-2021,23,4,2021,392,6,Estonia
22-04-2021,22,4,2021,429,11,Estonia
21-04-2021,21,4,2021,472,5,Estonia
20-04-2021,20,4,2021,535,4,Estonia
19-04-2021,19,4,2021,228,8,Estonia
18-04-2021,18,4,2021,543,10,Estonia
17-04-2021,17,4,2021,333,18,Estonia
16-04-2021,16,4,2021,478,7,Estonia
15-04-2021,15,4,2021,571,8,Estonia
14-04-2021,14,4,2021,549,12,Estonia
13-04-2021,13,4,2021,637,0,Estonia
12/4/2021,12,4,2021,269,17,Estonia
11/4/2021,11,4,2021,438,0,Estonia
10/4/2021,10,4,2021,638,14,Estonia
9/4/2021,9,4,2021,677,16,Estonia
8/4/2021,8,4,2021,757,14,Estonia
7/4/2021,7,4,2021,984,12,Estonia
6/4/2021,6,4,2021,899,14,Estonia
5/4/2021,5,4,2021,382,9,Estonia
4/4/2021,4,4,2021,462,10,Estonia
3/4/2021,3,4,2021,519,9,Estonia
2/4/2021,2,4,2021,1165,14,Estonia
1/4/2021,1,4,2021,829,6,Estonia
31-03-2021,31,3,2021,1008,6,Estonia
30-03-2021,30,3,2021,1202,17,Estonia
29-03-2021,29,3,2021,584,19,Estonia
28-03-2021,28,3,2021,892,0,Estonia
27-03-2021,27,3,2021,1151,13,Estonia
26-03-2021,26,3,2021,1150,11,Estonia
25-03-2021,25,3,2021,1429,13,Estonia
24-03-2021,24,3,2021,1552,14,Estonia
23-03-2021,23,3,2021,1062,12,Estonia
22-03-2021,22,3,2021,993,10,Estonia
21-03-2021,21,3,2021,1373,7,Estonia
20-03-2021,20,3,2021,1248,11,Estonia
19-03-2021,19,3,2021,1749,11,Estonia
18-03-2021,18,3,2021,1700,13,Estonia
17-03-2021,17,3,2021,1783,6,Estonia
16-03-2021,16,3,2021,1462,11,Estonia
15-03-2021,15,3,2021,1279,9,Estonia
14-03-2021,14,3,2021,935,9,Estonia
13-03-2021,13,3,2021,1586,24,Estonia
12/3/2021,12,3,2021,1357,0,Estonia
11/3/2021,11,3,2021,1956,9,Estonia
10/3/2021,10,3,2021,1482,8,Estonia
9/3/2021,9,3,2021,1308,2,Estonia
8/3/2021,8,3,2021,1180,14,Estonia
7/3/2021,7,3,2021,1319,9,Estonia
6/3/2021,6,3,2021,1540,7,Estonia
5/3/2021,5,3,2021,1534,14,Estonia
4/3/2021,4,3,2021,1417,8,Estonia
3/3/2021,3,3,2021,1454,17,Estonia
2/3/2021,2,3,2021,1111,0,Estonia
31-05-2021,31,5,2021,63,0,Finland
30-05-2021,30,5,2021,125,2,Finland
29-05-2021,29,5,2021,182,0,Finland
28-05-2021,28,5,2021,98,0,Finland
27-05-2021,27,5,2021,220,0,Finland
26-05-2021,26,5,2021,125,1,Finland
25-05-2021,25,5,2021,93,1,Finland
24-05-2021,24,5,2021,121,0,Finland
23-05-2021,23,5,2021,248,2,Finland
22-05-2021,22,5,2021,211,1,Finland
21-05-2021,21,5,2021,259,0,Finland
20-05-2021,20,5,2021,289,0,Finland
19-05-2021,19,5,2021,149,5,Finland
18-05-2021,18,5,2021,144,4,Finland
17-05-2021,17,5,2021,227,0,Finland
16-05-2021,16,5,2021,192,2,Finland
15-05-2021,15,5,2021,154,4,Finland
14-05-2021,14,5,2021,262,4,Finland
13-05-2021,13,5,2021,280,1,Finland
12/5/2021,12,5,2021,124,2,Finland
11/5/2021,11,5,2021,143,1,Finland
10/5/2021,10,5,2021,162,1,Finland
9/5/2021,9,5,2021,229,0,Finland
8/5/2021,8,5,2021,254,0,Finland
7/5/2021,7,5,2021,280,1,Finland
6/5/2021,6,5,2021,269,2,Finland
5/5/2021,5,5,2021,184,1,Finland
4/5/2021,4,5,2021,117,0,Finland
3/5/2021,3,5,2021,132,0,Finland
2/5/2021,2,5,2021,288,2,Finland
1/5/2021,1,5,2021,195,0,Finland
30-04-2021,30,4,2021,208,2,Finland
29-04-2021,29,4,2021,244,1,Finland
28-04-2021,28,4,2021,224,2,Finland
27-04-2021,27,4,2021,133,2,Finland
26-04-2021,26,4,2021,460,3,Finland
25-04-2021,25,4,2021,0,0,Finland
24-04-2021,24,4,2021,267,1,Finland
23-04-2021,23,4,2021,280,1,Finland
22-04-2021,22,4,2021,296,0,Finland
21-04-2021,21,4,2021,214,2,Finland
20-04-2021,20,4,2021,156,1,Finland
19-04-2021,19,4,2021,498,3,Finland
18-04-2021,18,4,2021,0,0,Finland
17-04-2021,17,4,2021,380,3,Finland
16-04-2021,16,4,2021,289,5,Finland
15-04-2021,15,4,2021,400,2,Finland
14-04-2021,14,4,2021,286,1,Finland
13-04-2021,13,4,2021,225,4,Finland
12/4/2021,12,4,2021,346,1,Finland
11/4/2021,11,4,2021,446,0,Finland
10/4/2021,10,4,2021,419,2,Finland
9/4/2021,9,4,2021,426,2,Finland
8/4/2021,8,4,2021,348,1,Finland
7/4/2021,7,4,2021,331,2,Finland
6/4/2021,6,4,2021,341,1,Finland
5/4/2021,5,4,2021,302,0,Finland
4/4/2021,4,4,2021,422,1,Finland
3/4/2021,3,4,2021,566,3,Finland
2/4/2021,2,4,2021,654,2,Finland
1/4/2021,1,4,2021,607,2,Finland
31-03-2021,31,3,2021,420,1,Finland
30-03-2021,30,3,2021,422,2,Finland
29-03-2021,29,3,2021,458,3,Finland
28-03-2021,28,3,2021,791,1,Finland
27-03-2021,27,3,2021,512,4,Finland
26-03-2021,26,3,2021,726,3,Finland
25-03-2021,25,3,2021,803,2,Finland
24-03-2021,24,3,2021,640,4,Finland
23-03-2021,23,3,2021,430,5,Finland
22-03-2021,22,3,2021,520,6,Finland
21-03-2021,21,3,2021,856,0,Finland
20-03-2021,20,3,2021,770,4,Finland
19-03-2021,19,3,2021,804,7,Finland
18-03-2021,18,3,2021,842,4,Finland
17-03-2021,17,3,2021,517,3,Finland
16-03-2021,16,3,2021,465,1,Finland
15-03-2021,15,3,2021,863,1,Finland
14-03-2021,14,3,2021,691,0,Finland
13-03-2021,13,3,2021,706,4,Finland
12/3/2021,12,3,2021,720,4,Finland
11/3/2021,11,3,2021,779,4,Finland
10/3/2021,10,3,2021,588,4,Finland
9/3/2021,9,3,2021,459,3,Finland
8/3/2021,8,3,2021,511,9,Finland
7/3/2021,7,3,2021,648,2,Finland
6/3/2021,6,3,2021,704,1,Finland
5/3/2021,5,3,2021,758,3,Finland
4/3/2021,4,3,2021,797,2,Finland
3/3/2021,3,3,2021,581,1,Finland
2/3/2021,2,3,2021,392,2,Finland
31-05-2021,31,5,2021,8541,44,France
30-05-2021,30,5,2021,10675,68,France
29-05-2021,29,5,2021,11268,125,France
28-05-2021,28,5,2021,13933,142,France
27-05-2021,27,5,2021,12646,144,France
26-05-2021,26,5,2021,3155,221,France
25-05-2021,25,5,2021,2229,62,France
24-05-2021,24,5,2021,9704,70,France
23-05-2021,23,5,2021,12611,89,France
22-05-2021,22,5,2021,17249,123,France
21-05-2021,21,5,2021,12536,133,France
20-05-2021,20,5,2021,13665,141,France
19-05-2021,19,5,2021,15502,228,France
18-05-2021,18,5,2021,19775,196,France
17-05-2021,17,5,2021,2304,81,France
16-05-2021,16,5,2021,8917,112,France
15-05-2021,15,5,2021,17415,173,France
14-05-2021,14,5,2021,3053,131,France
13-05-2021,13,5,2021,16056,184,France
12/5/2021,12,5,2021,16633,251,France
11/5/2021,11,5,2021,23896,292,France
10/5/2021,10,5,2021,2883,115,France
9/5/2021,9,5,2021,4036,176,France
8/5/2021,8,5,2021,18167,251,France
7/5/2021,7,5,2021,17148,219,France
6/5/2021,6,5,2021,17637,244,France
5/5/2021,5,5,2021,20212,257,France
4/5/2021,4,5,2021,28933,311,France
3/5/2021,3,5,2021,3563,113,France
2/5/2021,2,5,2021,3995,192,France
1/5/2021,1,5,2021,22670,290,France
30-04-2021,30,4,2021,21306,306,France
29-04-2021,29,4,2021,22117,315,France
28-04-2021,28,4,2021,24814,347,France
27-04-2021,27,4,2021,34219,398,France
26-04-2021,26,4,2021,3624,145,France
25-04-2021,25,4,2021,17505,217,France
24-04-2021,24,4,2021,28363,332,France
23-04-2021,23,4,2021,28014,283,France
22-04-2021,22,4,2021,29202,313,France
21-04-2021,21,4,2021,30755,388,France
20-04-2021,20,4,2021,41366,447,France
19-04-2021,19,4,2021,4597,140,France
18-04-2021,18,4,2021,20400,189,France
17-04-2021,17,4,2021,32279,331,France
16-04-2021,16,4,2021,31432,297,France
15-04-2021,15,4,2021,31734,297,France
14-04-2021,14,4,2021,34343,345,France
13-04-2021,13,4,2021,46289,385,France
12/4/2021,12,4,2021,5008,176,France
11/4/2021,11,4,2021,24061,207,France
10/4/2021,10,4,2021,37967,330,France
9/4/2021,9,4,2021,37007,343,France
8/4/2021,8,4,2021,39110,421,France
7/4/2021,7,4,2021,53843,426,France
6/4/2021,6,4,2021,8602,197,France
5/4/2021,5,4,2021,4932,185,France
4/4/2021,4,4,2021,24320,185,France
3/4/2021,3,4,2021,38693,332,France
2/4/2021,2,4,2021,39506,309,France
1/4/2021,1,4,2021,39629,303,France
31-03-2021,31,3,2021,43554,381,France
30-03-2021,30,3,2021,53130,360,France
29-03-2021,29,3,2021,5122,131,France
28-03-2021,28,3,2021,25130,190,France
27-03-2021,27,3,2021,39932,897,France
26-03-2021,26,3,2021,38227,225,France
25-03-2021,25,3,2021,37136,245,France
24-03-2021,24,3,2021,38088,287,France
23-03-2021,23,3,2021,46939,343,France
22-03-2021,22,3,2021,5008,138,France
21-03-2021,21,3,2021,20732,185,France
20-03-2021,20,3,2021,33200,276,France
19-03-2021,19,3,2021,31205,269,France
18-03-2021,18,3,2021,30439,241,France
17-03-2021,17,3,2021,30758,408,France
16-03-2021,16,3,2021,38779,333,France
15-03-2021,15,3,2021,4244,140,France
14-03-2021,14,3,2021,17026,169,France
13-03-2021,13,3,2021,26446,290,France
12/3/2021,12,3,2021,24621,265,France
11/3/2021,11,3,2021,23804,264,France
10/3/2021,10,3,2021,23641,368,France
9/3/2021,9,3,2021,29327,359,France
8/3/2021,8,3,2021,3146,130,France
7/3/2021,7,3,2021,13697,170,France
6/3/2021,6,3,2021,21912,439,France
5/3/2021,5,3,2021,20495,293,France
4/3/2021,4,3,2021,20453,322,France
3/3/2021,3,3,2021,21151,417,France
2/3/2021,2,3,2021,27422,375,France
31-05-2021,31,5,2021,1978,36,Germany
30-05-2021,30,5,2021,3852,56,Germany
29-05-2021,29,5,2021,5426,163,Germany
28-05-2021,28,5,2021,7380,192,Germany
27-05-2021,27,5,2021,6313,269,Germany
26-05-2021,26,5,2021,2626,270,Germany
25-05-2021,25,5,2021,1911,33,Germany
24-05-2021,24,5,2021,2682,43,Germany
23-05-2021,23,5,2021,6714,82,Germany
22-05-2021,22,5,2021,7082,170,Germany
21-05-2021,21,5,2021,8769,226,Germany
20-05-2021,20,5,2021,12298,237,Germany
19-05-2021,19,5,2021,11040,284,Germany
18-05-2021,18,5,2021,4209,221,Germany
17-05-2021,17,5,2021,5412,64,Germany
16-05-2021,16,5,2021,8500,71,Germany
15-05-2021,15,5,2021,7894,177,Germany
14-05-2021,14,5,2021,11336,190,Germany
13-05-2021,13,5,2021,17419,278,Germany
12/5/2021,12,5,2021,14909,268,Germany
11/5/2021,11,5,2021,6125,283,Germany
10/5/2021,10,5,2021,6922,54,Germany
9/5/2021,9,5,2021,12656,127,Germany
8/5/2021,8,5,2021,15685,238,Germany
7/5/2021,7,5,2021,18485,284,Germany
6/5/2021,6,5,2021,21953,250,Germany
5/5/2021,5,5,2021,18034,285,Germany
4/5/2021,4,5,2021,7534,315,Germany
3/5/2021,3,5,2021,9160,84,Germany
2/5/2021,2,5,2021,16290,110,Germany
1/5/2021,1,5,2021,18935,232,Germany
30-04-2021,30,4,2021,24329,306,Germany
29-04-2021,29,4,2021,24736,264,Germany
28-04-2021,28,4,2021,22231,312,Germany
27-04-2021,27,4,2021,10976,344,Germany
26-04-2021,26,4,2021,11907,60,Germany
25-04-2021,25,4,2021,18773,120,Germany
24-04-2021,24,4,2021,23392,286,Germany
23-04-2021,23,4,2021,27543,265,Germany
22-04-2021,22,4,2021,29518,259,Germany
21-04-2021,21,4,2021,24884,331,Germany
20-04-2021,20,4,2021,9609,297,Germany
19-04-2021,19,4,2021,11437,92,Germany
18-04-2021,18,4,2021,19185,67,Germany
17-04-2021,17,4,2021,23804,219,Germany
16-04-2021,16,4,2021,25831,247,Germany
15-04-2021,15,4,2021,29426,293,Germany
14-04-2021,14,4,2021,21693,342,Germany
13-04-2021,13,4,2021,10810,294,Germany
12/4/2021,12,4,2021,13245,99,Germany
11/4/2021,11,4,2021,17855,104,Germany
10/4/2021,10,4,2021,24097,246,Germany
9/4/2021,9,4,2021,25464,296,Germany
8/4/2021,8,4,2021,20407,306,Germany
7/4/2021,7,4,2021,9677,298,Germany
6/4/2021,6,4,2021,6885,90,Germany
5/4/2021,5,4,2021,8497,50,Germany
4/4/2021,4,4,2021,12196,68,Germany
3/4/2021,3,4,2021,18129,120,Germany
2/4/2021,2,4,2021,21888,232,Germany
1/4/2021,1,4,2021,24300,201,Germany
31-03-2021,31,3,2021,17051,249,Germany
30-03-2021,30,3,2021,9549,180,Germany
29-03-2021,29,3,2021,9872,43,Germany
28-03-2021,28,3,2021,17176,90,Germany
27-03-2021,27,3,2021,20472,157,Germany
26-03-2021,26,3,2021,21573,183,Germany
25-03-2021,25,3,2021,22657,228,Germany
24-03-2021,24,3,2021,15813,248,Germany
23-03-2021,23,3,2021,7485,250,Germany
22-03-2021,22,3,2021,7709,50,Germany
21-03-2021,21,3,2021,13733,99,Germany
20-03-2021,20,3,2021,16033,207,Germany
19-03-2021,19,3,2021,17482,226,Germany
18-03-2021,18,3,2021,17504,227,Germany
17-03-2021,17,3,2021,13435,249,Germany
16-03-2021,16,3,2021,5480,238,Germany
15-03-2021,15,3,2021,6604,47,Germany
14-03-2021,14,3,2021,10790,70,Germany
13-03-2021,13,3,2021,12674,239,Germany
12/3/2021,12,3,2021,12834,252,Germany
11/3/2021,11,3,2021,14356,321,Germany
10/3/2021,10,3,2021,9146,300,Germany
9/3/2021,9,3,2021,4252,255,Germany
8/3/2021,8,3,2021,5011,34,Germany
7/3/2021,7,3,2021,8103,96,Germany
6/3/2021,6,3,2021,9557,300,Germany
5/3/2021,5,3,2021,10580,264,Germany
4/3/2021,4,3,2021,11912,359,Germany
3/3/2021,3,3,2021,9019,418,Germany
2/3/2021,2,3,2021,3943,358,Germany
31-05-2021,31,5,2021,906,30,Greece
30-05-2021,30,5,2021,1497,29,Greece
29-05-2021,29,5,2021,1928,40,Greece
28-05-2021,28,5,2021,1876,39,Greece
27-05-2021,27,5,2021,1511,44,Greece
26-05-2021,26,5,2021,2402,50,Greece
25-05-2021,25,5,2021,1377,50,Greece
24-05-2021,24,5,2021,875,38,Greece
23-05-2021,23,5,2021,1503,37,Greece
22-05-2021,22,5,2021,1982,56,Greece
21-05-2021,21,5,2021,1886,54,Greece
20-05-2021,20,5,2021,2292,53,Greece
19-05-2021,19,5,2021,2781,63,Greece
18-05-2021,18,5,2021,1395,56,Greece
17-05-2021,17,5,2021,1259,50,Greece
16-05-2021,16,5,2021,1950,43,Greece
15-05-2021,15,5,2021,2188,56,Greece
14-05-2021,14,5,2021,2139,55,Greece
13-05-2021,13,5,2021,2478,70,Greece
12/5/2021,12,5,2021,3172,52,Greece
11/5/2021,11,5,2021,1900,60,Greece
10/5/2021,10,5,2021,1427,51,Greece
9/5/2021,9,5,2021,2461,68,Greece
8/5/2021,8,5,2021,2671,63,Greece
7/5/2021,7,5,2021,3418,83,Greece
6/5/2021,6,5,2021,2091,96,Greece
5/5/2021,5,5,2021,1368,81,Greece
4/5/2021,4,5,2021,2146,134,Greece
3/5/2021,3,5,2021,0,0,Greece
2/5/2021,2,5,2021,1389,72,Greece
1/5/2021,1,5,2021,2125,66,Greece
30-04-2021,30,4,2021,2415,73,Greece
29-04-2021,29,4,2021,2770,63,Greece
28-04-2021,28,4,2021,3287,92,Greece
27-04-2021,27,4,2021,1307,80,Greece
26-04-2021,26,4,2021,1399,57,Greece
25-04-2021,25,4,2021,2596,86,Greece
24-04-2021,24,4,2021,2739,76,Greece
23-04-2021,23,4,2021,2756,75,Greece
22-04-2021,22,4,2021,3010,86,Greece
21-04-2021,21,4,2021,3750,87,Greece
20-04-2021,20,4,2021,1606,78,Greece
19-04-2021,19,4,2021,1829,65,Greece
18-04-2021,18,4,2021,2411,67,Greece
17-04-2021,17,4,2021,3027,91,Greece
16-04-2021,16,4,2021,3822,104,Greece
15-04-2021,15,4,2021,3081,81,Greece
14-04-2021,14,4,2021,4017,93,Greece
13-04-2021,13,4,2021,1606,76,Greece
12/4/2021,12,4,2021,1717,52,Greece
11/4/2021,11,4,2021,2799,75,Greece
10/4/2021,10,4,2021,2734,78,Greece
9/4/2021,9,4,2021,3215,73,Greece
8/4/2021,8,4,2021,3445,75,Greece
7/4/2021,7,4,2021,4293,79,Greece
6/4/2021,6,4,2021,1863,73,Greece
5/4/2021,5,4,2021,1955,78,Greece
4/4/2021,4,4,2021,3229,70,Greece
3/4/2021,3,4,2021,3058,72,Greece
2/4/2021,2,4,2021,3483,67,Greece
1/4/2021,1,4,2021,3612,76,Greece
31-03-2021,31,3,2021,4322,72,Greece
30-03-2021,30,3,2021,1724,65,Greece
29-03-2021,29,3,2021,1441,54,Greece
28-03-2021,28,3,2021,3132,72,Greece
27-03-2021,27,3,2021,1466,53,Greece
26-03-2021,26,3,2021,2587,52,Greece
25-03-2021,25,3,2021,3058,67,Greece
24-03-2021,24,3,2021,3517,51,Greece
23-03-2021,23,3,2021,1705,69,Greece
22-03-2021,22,3,2021,2614,41,Greece
21-03-2021,21,3,2021,1432,60,Greece
20-03-2021,20,3,2021,2762,64,Greece
19-03-2021,19,3,2021,3070,45,Greece
18-03-2021,18,3,2021,3458,56,Greece
17-03-2021,17,3,2021,1508,59,Greece
16-03-2021,16,3,2021,1134,46,Greece
15-03-2021,15,3,2021,1626,53,Greece
14-03-2021,14,3,2021,2503,52,Greece
13-03-2021,13,3,2021,2357,49,Greece
12/3/2021,12,3,2021,2570,51,Greece
11/3/2021,11,3,2021,2629,43,Greece
10/3/2021,10,3,2021,3181,46,Greece
9/3/2021,9,3,2021,1161,39,Greece
8/3/2021,8,3,2021,1142,53,Greece
7/3/2021,7,3,2021,2301,41,Greece
6/3/2021,6,3,2021,2181,32,Greece
5/3/2021,5,3,2021,2217,35,Greece
4/3/2021,4,3,2021,2697,40,Greece
3/3/2021,3,3,2021,2312,23,Greece
2/3/2021,2,3,2021,1170,30,Greece
31-05-2021,31,5,2021,156,5,Hungary
30-05-2021,30,5,2021,350,19,Hungary
29-05-2021,29,5,2021,465,27,Hungary
28-05-2021,28,5,2021,448,28,Hungary
27-05-2021,27,5,2021,396,32,Hungary
26-05-2021,26,5,2021,213,41,Hungary
25-05-2021,25,5,2021,164,21,Hungary
24-05-2021,24,5,2021,258,41,Hungary
23-05-2021,23,5,2021,416,44,Hungary
22-05-2021,22,5,2021,647,48,Hungary
21-05-2021,21,5,2021,657,47,Hungary
20-05-2021,20,5,2021,780,51,Hungary
19-05-2021,19,5,2021,633,52,Hungary
18-05-2021,18,5,2021,382,64,Hungary
17-05-2021,17,5,2021,426,38,Hungary
16-05-2021,16,5,2021,718,61,Hungary
15-05-2021,15,5,2021,1039,73,Hungary
14-05-2021,14,5,2021,1190,71,Hungary
13-05-2021,13,5,2021,1416,82,Hungary
12/5/2021,12,5,2021,905,96,Hungary
11/5/2021,11,5,2021,493,99,Hungary
10/5/2021,10,5,2021,677,91,Hungary
9/5/2021,9,5,2021,1145,98,Hungary
8/5/2021,8,5,2021,1376,101,Hungary
7/5/2021,7,5,2021,1541,106,Hungary
6/5/2021,6,5,2021,1680,124,Hungary
5/5/2021,5,5,2021,1130,128,Hungary
4/5/2021,4,5,2021,726,137,Hungary
3/5/2021,3,5,2021,1219,106,Hungary
2/5/2021,2,5,2021,1593,101,Hungary
1/5/2021,1,5,2021,1951,161,Hungary
30-04-2021,30,4,2021,2365,182,Hungary
29-04-2021,29,4,2021,2584,186,Hungary
28-04-2021,28,4,2021,1692,188,Hungary
27-04-2021,27,4,2021,1253,183,Hungary
26-04-2021,26,4,2021,1936,176,Hungary
25-04-2021,25,4,2021,2328,205,Hungary
24-04-2021,24,4,2021,2796,212,Hungary
23-04-2021,23,4,2021,3427,207,Hungary
22-04-2021,22,4,2021,3607,214,Hungary
21-04-2021,21,4,2021,2527,207,Hungary
20-04-2021,20,4,2021,1645,199,Hungary
19-04-2021,19,4,2021,2680,197,Hungary
18-04-2021,18,4,2021,3706,205,Hungary
17-04-2021,17,4,2021,4604,217,Hungary
16-04-2021,16,4,2021,5216,241,Hungary
15-04-2021,15,4,2021,5307,256,Hungary
14-04-2021,14,4,2021,3597,285,Hungary
13-04-2021,13,4,2021,2837,272,Hungary
12/4/2021,12,4,2021,5077,291,Hungary
11/4/2021,11,4,2021,6296,206,Hungary
10/4/2021,10,4,2021,8053,245,Hungary
9/4/2021,9,4,2021,7325,285,Hungary
8/4/2021,8,4,2021,4814,272,Hungary
7/4/2021,7,4,2021,1933,311,Hungary
6/4/2021,6,4,2021,1890,170,Hungary
5/4/2021,5,4,2021,3874,213,Hungary
4/4/2021,4,4,2021,6566,211,Hungary
3/4/2021,3,4,2021,8637,242,Hungary
2/4/2021,2,4,2021,9055,267,Hungary
1/4/2021,1,4,2021,9288,258,Hungary
31-03-2021,31,3,2021,6700,302,Hungary
30-03-2021,30,3,2021,4609,274,Hungary
29-03-2021,29,3,2021,7263,189,Hungary
28-03-2021,28,3,2021,9082,220,Hungary
27-03-2021,27,3,2021,10167,253,Hungary
26-03-2021,26,3,2021,11265,275,Hungary
25-03-2021,25,3,2021,9637,272,Hungary
24-03-2021,24,3,2021,7587,249,Hungary
23-03-2021,23,3,2021,5481,252,Hungary
22-03-2021,22,3,2021,9046,189,Hungary
21-03-2021,21,3,2021,10625,194,Hungary
20-03-2021,20,3,2021,11132,227,Hungary
19-03-2021,19,3,2021,10759,213,Hungary
18-03-2021,18,3,2021,6502,207,Hungary
17-03-2021,17,3,2021,3456,195,Hungary
16-03-2021,16,3,2021,4926,143,Hungary
15-03-2021,15,3,2021,7706,131,Hungary
14-03-2021,14,3,2021,8863,162,Hungary
13-03-2021,13,3,2021,9444,163,Hungary
12/3/2021,12,3,2021,9011,130,Hungary
11/3/2021,11,3,2021,8312,172,Hungary
10/3/2021,10,3,2021,5653,179,Hungary
9/3/2021,9,3,2021,6494,158,Hungary
8/3/2021,8,3,2021,2696,115,Hungary
7/3/2021,7,3,2021,6201,108,Hungary
6/3/2021,6,3,2021,7269,146,Hungary
5/3/2021,5,3,2021,6369,143,Hungary
4/3/2021,4,3,2021,6278,152,Hungary
3/3/2021,3,3,2021,4211,136,Hungary
2/3/2021,2,3,2021,2764,130,Hungary
31-05-2021,31,5,2021,0,0,Iceland
30-05-2021,30,5,2021,0,0,Iceland
29-05-2021,29,5,2021,5,0,Iceland
28-05-2021,28,5,2021,7,0,Iceland
27-05-2021,27,5,2021,4,0,Iceland
26-05-2021,26,5,2021,4,1,Iceland
25-05-2021,25,5,2021,0,0,Iceland
24-05-2021,24,5,2021,0,0,Iceland
23-05-2021,23,5,2021,0,0,Iceland
22-05-2021,22,5,2021,1,0,Iceland
21-05-2021,21,5,2021,4,0,Iceland
20-05-2021,20,5,2021,2,0,Iceland
19-05-2021,19,5,2021,1,0,Iceland
18-05-2021,18,5,2021,11,0,Iceland
17-05-2021,17,5,2021,0,0,Iceland
16-05-2021,16,5,2021,0,0,Iceland
15-05-2021,15,5,2021,11,0,Iceland
14-05-2021,14,5,2021,0,0,Iceland
13-05-2021,13,5,2021,4,0,Iceland
12/5/2021,12,5,2021,3,0,Iceland
11/5/2021,11,5,2021,13,0,Iceland
10/5/2021,10,5,2021,0,0,Iceland
9/5/2021,9,5,2021,0,0,Iceland
8/5/2021,8,5,2021,6,0,Iceland
7/5/2021,7,5,2021,3,0,Iceland
6/5/2021,6,5,2021,6,0,Iceland
5/5/2021,5,5,2021,8,0,Iceland
4/5/2021,4,5,2021,11,0,Iceland
3/5/2021,3,5,2021,0,0,Iceland
2/5/2021,2,5,2021,0,0,Iceland
1/5/2021,1,5,2021,6,0,Iceland
30-04-2021,30,4,2021,10,0,Iceland
29-04-2021,29,4,2021,9,0,Iceland
28-04-2021,28,4,2021,18,0,Iceland
27-04-2021,27,4,2021,39,0,Iceland
26-04-2021,26,4,2021,0,0,Iceland
25-04-2021,25,4,2021,0,0,Iceland
24-04-2021,24,4,2021,11,0,Iceland
23-04-2021,23,4,2021,17,0,Iceland
22-04-2021,22,4,2021,12,0,Iceland
21-04-2021,21,4,2021,21,0,Iceland
20-04-2021,20,4,2021,43,0,Iceland
19-04-2021,19,4,2021,0,0,Iceland
18-04-2021,18,4,2021,0,0,Iceland
17-04-2021,17,4,2021,7,0,Iceland
16-04-2021,16,4,2021,4,0,Iceland
15-04-2021,15,4,2021,1,0,Iceland
14-04-2021,14,4,2021,7,0,Iceland
13-04-2021,13,4,2021,9,0,Iceland
12/4/2021,12,4,2021,0,0,Iceland
11/4/2021,11,4,2021,0,0,Iceland
10/4/2021,10,4,2021,2,0,Iceland
9/4/2021,9,4,2021,5,0,Iceland
8/4/2021,8,4,2021,10,0,Iceland
7/4/2021,7,4,2021,16,0,Iceland
6/4/2021,6,4,2021,0,0,Iceland
5/4/2021,5,4,2021,0,0,Iceland
4/4/2021,4,4,2021,20,0,Iceland
3/4/2021,3,4,2021,0,0,Iceland
2/4/2021,2,4,2021,0,0,Iceland
1/4/2021,1,4,2021,11,0,Iceland
31-03-2021,31,3,2021,11,0,Iceland
30-03-2021,30,3,2021,20,0,Iceland
29-03-2021,29,3,2021,0,0,Iceland
28-03-2021,28,3,2021,0,0,Iceland
27-03-2021,27,3,2021,5,0,Iceland
26-03-2021,26,3,2021,14,0,Iceland
25-03-2021,25,3,2021,22,0,Iceland
24-03-2021,24,3,2021,3,0,Iceland
23-03-2021,23,3,2021,22,0,Iceland
22-03-2021,22,3,2021,0,0,Iceland
21-03-2021,21,3,2021,0,0,Iceland
20-03-2021,20,3,2021,6,0,Iceland
19-03-2021,19,3,2021,2,0,Iceland
18-03-2021,18,3,2021,2,0,Iceland
17-03-2021,17,3,2021,4,0,Iceland
16-03-2021,16,3,2021,11,0,Iceland
15-03-2021,15,3,2021,0,0,Iceland
14-03-2021,14,3,2021,0,0,Iceland
13-03-2021,13,3,2021,2,0,Iceland
12/3/2021,12,3,2021,1,0,Iceland
11/3/2021,11,3,2021,2,0,Iceland
10/3/2021,10,3,2021,3,0,Iceland
9/3/2021,9,3,2021,5,0,Iceland
8/3/2021,8,3,2021,0,0,Iceland
7/3/2021,7,3,2021,0,0,Iceland
6/3/2021,6,3,2021,1,0,Iceland
5/3/2021,5,3,2021,0,0,Iceland
4/3/2021,4,3,2021,3,0,Iceland
3/3/2021,3,3,2021,1,0,Iceland
2/3/2021,2,3,2021,5,0,Iceland
31-05-2021,31,5,2021,366,0,Ireland
30-05-2021,30,5,2021,455,0,Ireland
29-05-2021,29,5,2021,461,0,Ireland
28-05-2021,28,5,2021,432,0,Ireland
27-05-2021,27,5,2021,443,0,Ireland
26-05-2021,26,5,2021,351,0,Ireland
25-05-2021,25,5,2021,349,0,Ireland
24-05-2021,24,5,2021,446,0,Ireland
23-05-2021,23,5,2021,383,0,Ireland
22-05-2021,22,5,2021,533,0,Ireland
21-05-2021,21,5,2021,446,0,Ireland
20-05-2021,20,5,2021,526,0,Ireland
19-05-2021,19,5,2021,364,0,Ireland
18-05-2021,18,5,2021,379,0,Ireland
17-05-2021,17,5,2021,375,0,Ireland
16-05-2021,16,5,2021,470,0,Ireland
15-05-2021,15,5,2021,420,4,Ireland
14-05-2021,14,5,2021,437,0,Ireland
13-05-2021,13,5,2021,446,8,Ireland
12/5/2021,12,5,2021,378,8,Ireland
11/5/2021,11,5,2021,380,0,Ireland
10/5/2021,10,5,2021,506,2,Ireland
9/5/2021,9,5,2021,399,1,Ireland
8/5/2021,8,5,2021,430,-3,Ireland
7/5/2021,7,5,2021,387,6,Ireland
6/5/2021,6,5,2021,415,7,Ireland
5/5/2021,5,5,2021,382,2,Ireland
4/5/2021,4,5,2021,452,0,Ireland
3/5/2021,3,5,2021,401,0,Ireland
2/5/2021,2,5,2021,567,3,Ireland
1/5/2021,1,5,2021,544,4,Ireland
30-04-2021,30,4,2021,469,3,Ireland
29-04-2021,29,4,2021,368,12,Ireland
28-04-2021,28,4,2021,420,10,Ireland
27-04-2021,27,4,2021,436,1,Ireland
26-04-2021,26,4,2021,429,1,Ireland
25-04-2021,25,4,2021,461,5,Ireland
24-04-2021,24,4,2021,433,1,Ireland
23-04-2021,23,4,2021,615,10,Ireland
22-04-2021,22,4,2021,398,9,Ireland
21-04-2021,21,4,2021,386,11,Ireland
20-04-2021,20,4,2021,403,0,Ireland
19-04-2021,19,4,2021,270,1,Ireland
18-04-2021,18,4,2021,419,4,Ireland
17-04-2021,17,4,2021,417,11,Ireland
16-04-2021,16,4,2021,297,8,Ireland
15-04-2021,15,4,2021,421,9,Ireland
14-04-2021,14,4,2021,354,18,Ireland
13-04-2021,13,4,2021,385,0,Ireland
12/4/2021,12,4,2021,302,2,Ireland
11/4/2021,11,4,2021,451,14,Ireland
10/4/2021,10,4,2021,469,32,Ireland
9/4/2021,9,4,2021,398,5,Ireland
8/4/2021,8,4,2021,418,5,Ireland
7/4/2021,7,4,2021,441,9,Ireland
6/4/2021,6,4,2021,318,0,Ireland
5/4/2021,5,4,2021,453,3,Ireland
4/4/2021,4,4,2021,508,2,Ireland
3/4/2021,3,4,2021,587,8,Ireland
2/4/2021,2,4,2021,746,18,Ireland
1/4/2021,1,4,2021,410,6,Ireland
31-03-2021,31,3,2021,366,14,Ireland
30-03-2021,30,3,2021,537,1,Ireland
29-03-2021,29,3,2021,604,13,Ireland
28-03-2021,28,3,2021,610,2,Ireland
27-03-2021,27,3,2021,569,20,Ireland
26-03-2021,26,3,2021,594,3,Ireland
25-03-2021,25,3,2021,680,18,Ireland
24-03-2021,24,3,2021,365,22,Ireland
23-03-2021,23,3,2021,520,1,Ireland
22-03-2021,22,3,2021,768,2,Ireland
21-03-2021,21,3,2021,525,9,Ireland
20-03-2021,20,3,2021,510,10,Ireland
19-03-2021,19,3,2021,581,0,Ireland
18-03-2021,18,3,2021,552,14,Ireland
17-03-2021,17,3,2021,347,18,Ireland
16-03-2021,16,3,2021,575,0,Ireland
15-03-2021,15,3,2021,383,0,Ireland
14-03-2021,14,3,2021,538,16,Ireland
13-03-2021,13,3,2021,641,9,Ireland
12/3/2021,12,3,2021,591,10,Ireland
11/3/2021,11,3,2021,631,47,Ireland
10/3/2021,10,3,2021,306,30,Ireland
9/3/2021,9,3,2021,432,0,Ireland
8/3/2021,8,3,2021,520,3,Ireland
7/3/2021,7,3,2021,530,14,Ireland
6/3/2021,6,3,2021,520,9,Ireland
5/3/2021,5,3,2021,460,39,Ireland
4/3/2021,4,3,2021,559,24,Ireland
3/3/2021,3,3,2021,357,14,Ireland
2/3/2021,2,3,2021,681,0,Ireland
31-05-2021,31,5,2021,2948,44,Italy
30-05-2021,30,5,2021,3348,83,Italy
29-05-2021,29,5,2021,3737,126,Italy
28-05-2021,28,5,2021,4143,171,Italy
27-05-2021,27,5,2021,3935,121,Italy
26-05-2021,26,5,2021,3220,166,Italy
25-05-2021,25,5,2021,2489,110,Italy
24-05-2021,24,5,2021,3993,72,Italy
23-05-2021,23,5,2021,4714,125,Italy
22-05-2021,22,5,2021,5215,218,Italy
21-05-2021,21,5,2021,5736,164,Italy
20-05-2021,20,5,2021,5500,149,Italy
19-05-2021,19,5,2021,4449,201,Italy
18-05-2021,18,5,2021,3454,140,Italy
17-05-2021,17,5,2021,5748,93,Italy
16-05-2021,16,5,2021,6652,136,Italy
15-05-2021,15,5,2021,7562,182,Italy
14-05-2021,14,5,2021,8082,201,Italy
13-05-2021,13,5,2021,7848,262,Italy
12/5/2021,12,5,2021,6943,251,Italy
11/5/2021,11,5,2021,5077,198,Italy
10/5/2021,10,5,2021,8289,139,Italy
9/5/2021,9,5,2021,10174,224,Italy
8/5/2021,8,5,2021,10549,207,Italy
7/5/2021,7,5,2021,11798,258,Italy
6/5/2021,6,5,2021,10579,267,Italy
5/5/2021,5,5,2021,9113,305,Italy
4/5/2021,4,5,2021,5946,256,Italy
3/5/2021,3,5,2021,9145,144,Italy
2/5/2021,2,5,2021,12964,226,Italy
1/5/2021,1,5,2021,13445,263,Italy
30-04-2021,30,4,2021,14314,288,Italy
29-04-2021,29,4,2021,13382,344,Italy
28-04-2021,28,4,2021,10398,373,Italy
27-04-2021,27,4,2021,8440,301,Italy
26-04-2021,26,4,2021,13157,217,Italy
25-04-2021,25,4,2021,13814,322,Italy
24-04-2021,24,4,2021,14758,342,Italy
23-04-2021,23,4,2021,16046,360,Italy
22-04-2021,22,4,2021,13836,364,Italy
21-04-2021,21,4,2021,12069,390,Italy
20-04-2021,20,4,2021,8863,316,Italy
19-04-2021,19,4,2021,12688,251,Italy
18-04-2021,18,4,2021,15364,310,Italy
17-04-2021,17,4,2021,15923,429,Italy
16-04-2021,16,4,2021,16963,380,Italy
15-04-2021,15,4,2021,16160,469,Italy
14-04-2021,14,4,2021,13439,476,Italy
13-04-2021,13,4,2021,9780,358,Italy
12/4/2021,12,4,2021,15737,331,Italy
11/4/2021,11,4,2021,17551,344,Italy
10/4/2021,10,4,2021,18924,718,Italy
9/4/2021,9,4,2021,17209,487,Italy
8/4/2021,8,4,2021,13686,627,Italy
7/4/2021,7,4,2021,7763,421,Italy
6/4/2021,6,4,2021,10680,296,Italy
5/4/2021,5,4,2021,18017,326,Italy
4/4/2021,4,4,2021,21247,376,Italy
3/4/2021,3,4,2021,21917,481,Italy
2/4/2021,2,4,2021,22184,501,Italy
1/4/2021,1,4,2021,23887,467,Italy
31-03-2021,31,3,2021,16055,529,Italy
30-03-2021,30,3,2021,12900,417,Italy
29-03-2021,29,3,2021,19604,297,Italy
28-03-2021,28,3,2021,23834,380,Italy
27-03-2021,27,3,2021,24076,457,Italy
26-03-2021,26,3,2021,23681,460,Italy
25-03-2021,25,3,2021,21246,460,Italy
24-03-2021,24,3,2021,18739,551,Italy
23-03-2021,23,3,2021,24501,386,Italy
22-03-2021,22,3,2021,20045,300,Italy
21-03-2021,21,3,2021,23913,401,Italy
20-03-2021,20,3,2021,25707,386,Italy
19-03-2021,19,3,2021,24901,423,Italy
18-03-2021,18,3,2021,23040,431,Italy
17-03-2021,17,3,2021,20376,502,Italy
16-03-2021,16,3,2021,15252,354,Italy
15-03-2021,15,3,2021,21304,264,Italy
14-03-2021,14,3,2021,26031,317,Italy
13-03-2021,13,3,2021,26790,380,Italy
12/3/2021,12,3,2021,25649,373,Italy
11/3/2021,11,3,2021,22275,332,Italy
10/3/2021,10,3,2021,19725,376,Italy
9/3/2021,9,3,2021,13882,318,Italy
8/3/2021,8,3,2021,20724,207,Italy
7/3/2021,7,3,2021,23633,307,Italy
6/3/2021,6,3,2021,24010,297,Italy
5/3/2021,5,3,2021,22845,339,Italy
4/3/2021,4,3,2021,20840,347,Italy
3/3/2021,3,3,2021,17063,343,Italy
2/3/2021,2,3,2021,13106,246,Italy
31-05-2021,31,5,2021,180,0,Latvia
30-05-2021,30,5,2021,306,11,Latvia
29-05-2021,29,5,2021,354,4,Latvia
28-05-2021,28,5,2021,348,7,Latvia
27-05-2021,27,5,2021,396,6,Latvia
26-05-2021,26,5,2021,435,14,Latvia
25-05-2021,25,5,2021,134,2,Latvia
24-05-2021,24,5,2021,233,3,Latvia
23-05-2021,23,5,2021,441,14,Latvia
22-05-2021,22,5,2021,477,8,Latvia
21-05-2021,21,5,2021,497,3,Latvia
20-05-2021,20,5,2021,609,18,Latvia
19-05-2021,19,5,2021,563,11,Latvia
18-05-2021,18,5,2021,147,3,Latvia
17-05-2021,17,5,2021,381,9,Latvia
16-05-2021,16,5,2021,544,9,Latvia
15-05-2021,15,5,2021,666,8,Latvia
14-05-2021,14,5,2021,698,17,Latvia
13-05-2021,13,5,2021,729,6,Latvia
12/5/2021,12,5,2021,659,4,Latvia
11/5/2021,11,5,2021,338,1,Latvia
10/5/2021,10,5,2021,632,4,Latvia
9/5/2021,9,5,2021,786,11,Latvia
8/5/2021,8,5,2021,1036,19,Latvia
7/5/2021,7,5,2021,773,12,Latvia
6/5/2021,6,5,2021,358,7,Latvia
5/5/2021,5,5,2021,425,5,Latvia
4/5/2021,4,5,2021,203,10,Latvia
3/5/2021,3,5,2021,380,5,Latvia
2/5/2021,2,5,2021,812,8,Latvia
1/5/2021,1,5,2021,763,6,Latvia
30-04-2021,30,4,2021,696,7,Latvia
29-04-2021,29,4,2021,967,8,Latvia
28-04-2021,28,4,2021,596,4,Latvia
27-04-2021,27,4,2021,220,4,Latvia
26-04-2021,26,4,2021,361,1,Latvia
25-04-2021,25,4,2021,711,7,Latvia
24-04-2021,24,4,2021,683,6,Latvia
23-04-2021,23,4,2021,578,9,Latvia
22-04-2021,22,4,2021,759,8,Latvia
21-04-2021,21,4,2021,688,15,Latvia
20-04-2021,20,4,2021,202,3,Latvia
19-04-2021,19,4,2021,337,5,Latvia
18-04-2021,18,4,2021,654,6,Latvia
17-04-2021,17,4,2021,612,12,Latvia
16-04-2021,16,4,2021,643,11,Latvia
15-04-2021,15,4,2021,733,17,Latvia
14-04-2021,14,4,2021,537,12,Latvia
13-04-2021,13,4,2021,210,4,Latvia
12/4/2021,12,4,2021,368,0,Latvia
11/4/2021,11,4,2021,666,5,Latvia
10/4/2021,10,4,2021,658,18,Latvia
9/4/2021,9,4,2021,740,17,Latvia
8/4/2021,8,4,2021,643,9,Latvia
7/4/2021,7,4,2021,309,3,Latvia
6/4/2021,6,4,2021,119,3,Latvia
5/4/2021,5,4,2021,238,8,Latvia
4/4/2021,4,4,2021,279,1,Latvia
3/4/2021,3,4,2021,587,9,Latvia
2/4/2021,2,4,2021,638,14,Latvia
1/4/2021,1,4,2021,630,6,Latvia
31-03-2021,31,3,2021,526,10,Latvia
30-03-2021,30,3,2021,167,5,Latvia
29-03-2021,29,3,2021,324,6,Latvia
28-03-2021,28,3,2021,602,5,Latvia
27-03-2021,27,3,2021,638,3,Latvia
26-03-2021,26,3,2021,606,13,Latvia
25-03-2021,25,3,2021,776,11,Latvia
24-03-2021,24,3,2021,508,12,Latvia
23-03-2021,23,3,2021,177,2,Latvia
22-03-2021,22,3,2021,260,5,Latvia
21-03-2021,21,3,2021,625,10,Latvia
20-03-2021,20,3,2021,622,10,Latvia
19-03-2021,19,3,2021,482,12,Latvia
18-03-2021,18,3,2021,818,12,Latvia
17-03-2021,17,3,2021,645,8,Latvia
16-03-2021,16,3,2021,176,2,Latvia
15-03-2021,15,3,2021,297,10,Latvia
14-03-2021,14,3,2021,578,11,Latvia
13-03-2021,13,3,2021,632,9,Latvia
12/3/2021,12,3,2021,638,11,Latvia
11/3/2021,11,3,2021,639,21,Latvia
10/3/2021,10,3,2021,472,6,Latvia
9/3/2021,9,3,2021,194,4,Latvia
8/3/2021,8,3,2021,322,8,Latvia
7/3/2021,7,3,2021,595,7,Latvia
6/3/2021,6,3,2021,746,14,Latvia
5/3/2021,5,3,2021,646,12,Latvia
4/3/2021,4,3,2021,919,16,Latvia
3/3/2021,3,3,2021,645,17,Latvia
2/3/2021,2,3,2021,272,3,Latvia
31-05-2021,31,5,2021,4,0,Liechtenstein
30-05-2021,30,5,2021,0,0,Liechtenstein
29-05-2021,29,5,2021,2,0,Liechtenstein
28-05-2021,28,5,2021,0,0,Liechtenstein
27-05-2021,27,5,2021,4,0,Liechtenstein
26-05-2021,26,5,2021,0,0,Liechtenstein
25-05-2021,25,5,2021,2,0,Liechtenstein
24-05-2021,24,5,2021,0,0,Liechtenstein
23-05-2021,23,5,2021,2,0,Liechtenstein
22-05-2021,22,5,2021,1,0,Liechtenstein
21-05-2021,21,5,2021,3,0,Liechtenstein
20-05-2021,20,5,2021,1,0,Liechtenstein
19-05-2021,19,5,2021,1,0,Liechtenstein
18-05-2021,18,5,2021,2,0,Liechtenstein
17-05-2021,17,5,2021,5,0,Liechtenstein
16-05-2021,16,5,2021,1,0,Liechtenstein
15-05-2021,15,5,2021,3,0,Liechtenstein
14-05-2021,14,5,2021,1,0,Liechtenstein
13-05-2021,13,5,2021,2,0,Liechtenstein
12/5/2021,12,5,2021,3,0,Liechtenstein
11/5/2021,11,5,2021,1,0,Liechtenstein
10/5/2021,10,5,2021,4,0,Liechtenstein
9/5/2021,9,5,2021,3,0,Liechtenstein
8/5/2021,8,5,2021,4,0,Liechtenstein
7/5/2021,7,5,2021,2,1,Liechtenstein
6/5/2021,6,5,2021,5,0,Liechtenstein
5/5/2021,5,5,2021,8,0,Liechtenstein
4/5/2021,4,5,2021,2,0,Liechtenstein
3/5/2021,3,5,2021,6,0,Liechtenstein
2/5/2021,2,5,2021,4,0,Liechtenstein
1/5/2021,1,5,2021,10,0,Liechtenstein
30-04-2021,30,4,2021,5,0,Liechtenstein
29-04-2021,29,4,2021,13,0,Liechtenstein
28-04-2021,28,4,2021,5,0,Liechtenstein
27-04-2021,27,4,2021,18,0,Liechtenstein
26-04-2021,26,4,2021,1,0,Liechtenstein
25-04-2021,25,4,2021,18,0,Liechtenstein
24-04-2021,24,4,2021,11,0,Liechtenstein
23-04-2021,23,4,2021,4,0,Liechtenstein
22-04-2021,22,4,2021,2,1,Liechtenstein
21-04-2021,21,4,2021,13,0,Liechtenstein
20-04-2021,20,4,2021,13,0,Liechtenstein
19-04-2021,19,4,2021,10,0,Liechtenstein
18-04-2021,18,4,2021,9,0,Liechtenstein
17-04-2021,17,4,2021,14,0,Liechtenstein
16-04-2021,16,4,2021,10,0,Liechtenstein
15-04-2021,15,4,2021,10,0,Liechtenstein
14-04-2021,14,4,2021,2,0,Liechtenstein
13-04-2021,13,4,2021,14,0,Liechtenstein
12/4/2021,12,4,2021,1,0,Liechtenstein
11/4/2021,11,4,2021,15,0,Liechtenstein
10/4/2021,10,4,2021,16,0,Liechtenstein
9/4/2021,9,4,2021,8,0,Liechtenstein
8/4/2021,8,4,2021,12,0,Liechtenstein
7/4/2021,7,4,2021,5,0,Liechtenstein
6/4/2021,6,4,2021,0,0,Liechtenstein
5/4/2021,5,4,2021,12,0,Liechtenstein
4/4/2021,4,4,2021,6,0,Liechtenstein
3/4/2021,3,4,2021,1,0,Liechtenstein
2/4/2021,2,4,2021,3,0,Liechtenstein
1/4/2021,1,4,2021,5,0,Liechtenstein
31-03-2021,31,3,2021,6,0,Liechtenstein
30-03-2021,30,3,2021,0,0,Liechtenstein
29-03-2021,29,3,2021,6,0,Liechtenstein
28-03-2021,28,3,2021,9,0,Liechtenstein
27-03-2021,27,3,2021,4,0,Liechtenstein
26-03-2021,26,3,2021,3,0,Liechtenstein
25-03-2021,25,3,2021,6,0,Liechtenstein
24-03-2021,24,3,2021,2,0,Liechtenstein
23-03-2021,23,3,2021,2,0,Liechtenstein
22-03-2021,22,3,2021,4,0,Liechtenstein
21-03-2021,21,3,2021,1,0,Liechtenstein
20-03-2021,20,3,2021,5,0,Liechtenstein
19-03-2021,19,3,2021,2,0,Liechtenstein
18-03-2021,18,3,2021,4,0,Liechtenstein
17-03-2021,17,3,2021,1,0,Liechtenstein
16-03-2021,16,3,2021,3,1,Liechtenstein
15-03-2021,15,3,2021,0,0,Liechtenstein
14-03-2021,14,3,2021,10,0,Liechtenstein
13-03-2021,13,3,2021,1,0,Liechtenstein
12/3/2021,12,3,2021,5,0,Liechtenstein
11/3/2021,11,3,2021,2,0,Liechtenstein
10/3/2021,10,3,2021,0,0,Liechtenstein
9/3/2021,9,3,2021,2,1,Liechtenstein
8/3/2021,8,3,2021,2,0,Liechtenstein
7/3/2021,7,3,2021,1,0,Liechtenstein
6/3/2021,6,3,2021,1,0,Liechtenstein
5/3/2021,5,3,2021,6,0,Liechtenstein
4/3/2021,4,3,2021,5,0,Liechtenstein
3/3/2021,3,3,2021,1,0,Liechtenstein
2/3/2021,2,3,2021,1,0,Liechtenstein
31-05-2021,31,5,2021,184,9,Lithuania
30-05-2021,30,5,2021,333,12,Lithuania
29-05-2021,29,5,2021,520,10,Lithuania
28-05-2021,28,5,2021,520,6,Lithuania
27-05-2021,27,5,2021,595,9,Lithuania
26-05-2021,26,5,2021,549,11,Lithuania
25-05-2021,25,5,2021,833,24,Lithuania
24-05-2021,24,5,2021,473,12,Lithuania
23-05-2021,23,5,2021,1013,12,Lithuania
22-05-2021,22,5,2021,679,6,Lithuania
21-05-2021,21,5,2021,915,19,Lithuania
20-05-2021,20,5,2021,974,10,Lithuania
19-05-2021,19,5,2021,732,14,Lithuania
18-05-2021,18,5,2021,527,9,Lithuania
17-05-2021,17,5,2021,812,15,Lithuania
16-05-2021,16,5,2021,1249,4,Lithuania
15-05-2021,15,5,2021,1140,13,Lithuania
14-05-2021,14,5,2021,1207,12,Lithuania
13-05-2021,13,5,2021,1266,6,Lithuania
12/5/2021,12,5,2021,1239,8,Lithuania
11/5/2021,11,5,2021,796,11,Lithuania
10/5/2021,10,5,2021,921,10,Lithuania
9/5/2021,9,5,2021,1522,5,Lithuania
8/5/2021,8,5,2021,1293,19,Lithuania
7/5/2021,7,5,2021,1392,7,Lithuania
6/5/2021,6,5,2021,1249,17,Lithuania
5/5/2021,5,5,2021,1113,20,Lithuania
4/5/2021,4,5,2021,657,6,Lithuania
3/5/2021,3,5,2021,1025,13,Lithuania
2/5/2021,2,5,2021,1386,14,Lithuania
1/5/2021,1,5,2021,1373,7,Lithuania
30-04-2021,30,4,2021,1341,16,Lithuania
29-04-2021,29,4,2021,1629,23,Lithuania
28-04-2021,28,4,2021,1054,20,Lithuania
27-04-2021,27,4,2021,575,9,Lithuania
26-04-2021,26,4,2021,775,7,Lithuania
25-04-2021,25,4,2021,1259,8,Lithuania
24-04-2021,24,4,2021,1313,15,Lithuania
23-04-2021,23,4,2021,1417,16,Lithuania
22-04-2021,22,4,2021,1150,17,Lithuania
21-04-2021,21,4,2021,1151,15,Lithuania
20-04-2021,20,4,2021,601,10,Lithuania
19-04-2021,19,4,2021,802,9,Lithuania
18-04-2021,18,4,2021,1228,12,Lithuania
17-04-2021,17,4,2021,1139,9,Lithuania
16-04-2021,16,4,2021,1202,12,Lithuania
15-04-2021,15,4,2021,1371,5,Lithuania
14-04-2021,14,4,2021,1106,16,Lithuania
13-04-2021,13,4,2021,610,10,Lithuania
12/4/2021,12,4,2021,865,16,Lithuania
11/4/2021,11,4,2021,999,11,Lithuania
10/4/2021,10,4,2021,1182,13,Lithuania
9/4/2021,9,4,2021,1107,12,Lithuania
8/4/2021,8,4,2021,1120,12,Lithuania
7/4/2021,7,4,2021,688,8,Lithuania
6/4/2021,6,4,2021,605,5,Lithuania
5/4/2021,5,4,2021,729,8,Lithuania
4/4/2021,4,4,2021,1013,8,Lithuania
3/4/2021,3,4,2021,860,11,Lithuania
2/4/2021,2,4,2021,886,9,Lithuania
1/4/2021,1,4,2021,903,8,Lithuania
31-03-2021,31,3,2021,851,6,Lithuania
30-03-2021,30,3,2021,424,9,Lithuania
29-03-2021,29,3,2021,494,12,Lithuania
28-03-2021,28,3,2021,771,10,Lithuania
27-03-2021,27,3,2021,872,8,Lithuania
26-03-2021,26,3,2021,793,11,Lithuania
25-03-2021,25,3,2021,803,9,Lithuania
24-03-2021,24,3,2021,868,15,Lithuania
23-03-2021,23,3,2021,329,10,Lithuania
22-03-2021,22,3,2021,361,12,Lithuania
21-03-2021,21,3,2021,602,12,Lithuania
20-03-2021,20,3,2021,579,10,Lithuania
19-03-2021,19,3,2021,580,15,Lithuania
18-03-2021,18,3,2021,599,11,Lithuania
17-03-2021,17,3,2021,646,6,Lithuania
16-03-2021,16,3,2021,259,14,Lithuania
15-03-2021,15,3,2021,431,7,Lithuania
14-03-2021,14,3,2021,598,16,Lithuania
13-03-2021,13,3,2021,364,10,Lithuania
12/3/2021,12,3,2021,606,12,Lithuania
11/3/2021,11,3,2021,486,10,Lithuania
10/3/2021,10,3,2021,470,5,Lithuania
9/3/2021,9,3,2021,216,8,Lithuania
8/3/2021,8,3,2021,415,7,Lithuania
7/3/2021,7,3,2021,464,18,Lithuania
6/3/2021,6,3,2021,451,9,Lithuania
5/3/2021,5,3,2021,533,13,Lithuania
4/3/2021,4,3,2021,526,18,Lithuania
3/3/2021,3,3,2021,427,10,Lithuania
2/3/2021,2,3,2021,2055,9,Lithuania
31-05-2021,31,5,2021,0,0,Luxembourg
30-05-2021,30,5,2021,59,0,Luxembourg
29-05-2021,29,5,2021,81,1,Luxembourg
28-05-2021,28,5,2021,80,1,Luxembourg
27-05-2021,27,5,2021,53,1,Luxembourg
26-05-2021,26,5,2021,9,0,Luxembourg
25-05-2021,25,5,2021,0,0,Luxembourg
24-05-2021,24,5,2021,0,0,Luxembourg
23-05-2021,23,5,2021,62,1,Luxembourg
22-05-2021,22,5,2021,80,1,Luxembourg
21-05-2021,21,5,2021,67,1,Luxembourg
20-05-2021,20,5,2021,159,0,Luxembourg
19-05-2021,19,5,2021,49,0,Luxembourg
18-05-2021,18,5,2021,162,2,Luxembourg
17-05-2021,17,5,2021,106,0,Luxembourg
16-05-2021,16,5,2021,0,0,Luxembourg
15-05-2021,15,5,2021,23,0,Luxembourg
14-05-2021,14,5,2021,151,0,Luxembourg
13-05-2021,13,5,2021,196,0,Luxembourg
12/5/2021,12,5,2021,121,2,Luxembourg
11/5/2021,11,5,2021,140,2,Luxembourg
10/5/2021,10,5,2021,0,0,Luxembourg
9/5/2021,9,5,2021,138,1,Luxembourg
8/5/2021,8,5,2021,133,0,Luxembourg
7/5/2021,7,5,2021,170,1,Luxembourg
6/5/2021,6,5,2021,208,0,Luxembourg
5/5/2021,5,5,2021,147,0,Luxembourg
4/5/2021,4,5,2021,98,3,Luxembourg
3/5/2021,3,5,2021,0,0,Luxembourg
2/5/2021,2,5,2021,192,1,Luxembourg
1/5/2021,1,5,2021,160,2,Luxembourg
30-04-2021,30,4,2021,219,2,Luxembourg
29-04-2021,29,4,2021,232,1,Luxembourg
28-04-2021,28,4,2021,220,0,Luxembourg
27-04-2021,27,4,2021,172,1,Luxembourg
26-04-2021,26,4,2021,0,0,Luxembourg
25-04-2021,25,4,2021,195,0,Luxembourg
24-04-2021,24,4,2021,194,0,Luxembourg
23-04-2021,23,4,2021,209,2,Luxembourg
22-04-2021,22,4,2021,285,2,Luxembourg
21-04-2021,21,4,2021,175,0,Luxembourg
20-04-2021,20,4,2021,191,1,Luxembourg
19-04-2021,19,4,2021,0,0,Luxembourg
18-04-2021,18,4,2021,207,0,Luxembourg
17-04-2021,17,4,2021,197,0,Luxembourg
16-04-2021,16,4,2021,215,1,Luxembourg
15-04-2021,15,4,2021,272,7,Luxembourg
14-04-2021,14,4,2021,182,5,Luxembourg
13-04-2021,13,4,2021,230,4,Luxembourg
12/4/2021,12,4,2021,0,0,Luxembourg
11/4/2021,11,4,2021,183,5,Luxembourg
10/4/2021,10,4,2021,287,1,Luxembourg
9/4/2021,9,4,2021,387,0,Luxembourg
8/4/2021,8,4,2021,168,1,Luxembourg
7/4/2021,7,4,2021,211,1,Luxembourg
6/4/2021,6,4,2021,54,10,Luxembourg
5/4/2021,5,4,2021,255,0,Luxembourg
4/4/2021,4,4,2021,0,0,Luxembourg
3/4/2021,3,4,2021,224,1,Luxembourg
2/4/2021,2,4,2021,239,3,Luxembourg
1/4/2021,1,4,2021,387,3,Luxembourg
31-03-2021,31,3,2021,182,2,Luxembourg
30-03-2021,30,3,2021,318,3,Luxembourg
29-03-2021,29,3,2021,0,0,Luxembourg
28-03-2021,28,3,2021,290,0,Luxembourg
27-03-2021,27,3,2021,260,2,Luxembourg
26-03-2021,26,3,2021,298,8,Luxembourg
25-03-2021,25,3,2021,245,2,Luxembourg
24-03-2021,24,3,2021,165,7,Luxembourg
23-03-2021,23,3,2021,81,1,Luxembourg
22-03-2021,22,3,2021,461,4,Luxembourg
21-03-2021,21,3,2021,0,0,Luxembourg
20-03-2021,20,3,2021,281,9,Luxembourg
19-03-2021,19,3,2021,266,1,Luxembourg
18-03-2021,18,3,2021,297,7,Luxembourg
17-03-2021,17,3,2021,185,4,Luxembourg
16-03-2021,16,3,2021,49,4,Luxembourg
15-03-2021,15,3,2021,177,1,Luxembourg
14-03-2021,14,3,2021,197,7,Luxembourg
13-03-2021,13,3,2021,182,6,Luxembourg
12/3/2021,12,3,2021,265,2,Luxembourg
11/3/2021,11,3,2021,234,5,Luxembourg
10/3/2021,10,3,2021,145,5,Luxembourg
9/3/2021,9,3,2021,31,1,Luxembourg
8/3/2021,8,3,2021,140,5,Luxembourg
7/3/2021,7,3,2021,210,5,Luxembourg
6/3/2021,6,3,2021,186,5,Luxembourg
5/3/2021,5,3,2021,208,4,Luxembourg
4/3/2021,4,3,2021,270,2,Luxembourg
3/3/2021,3,3,2021,152,2,Luxembourg
2/3/2021,2,3,2021,55,1,Luxembourg
31-05-2021,31,5,2021,4,0,Malta
30-05-2021,30,5,2021,3,0,Malta
29-05-2021,29,5,2021,6,0,Malta
28-05-2021,28,5,2021,4,0,Malta
27-05-2021,27,5,2021,7,1,Malta
26-05-2021,26,5,2021,3,1,Malta
25-05-2021,25,5,2021,2,0,Malta
24-05-2021,24,5,2021,5,0,Malta
23-05-2021,23,5,2021,2,0,Malta
22-05-2021,22,5,2021,6,0,Malta
21-05-2021,21,5,2021,2,0,Malta
20-05-2021,20,5,2021,3,0,Malta
19-05-2021,19,5,2021,2,0,Malta
18-05-2021,18,5,2021,4,0,Malta
17-05-2021,17,5,2021,2,0,Malta
16-05-2021,16,5,2021,4,0,Malta
15-05-2021,15,5,2021,1,0,Malta
14-05-2021,14,5,2021,4,0,Malta
13-05-2021,13,5,2021,5,0,Malta
12/5/2021,12,5,2021,6,0,Malta
11/5/2021,11,5,2021,11,0,Malta
10/5/2021,10,5,2021,9,0,Malta
9/5/2021,9,5,2021,6,0,Malta
8/5/2021,8,5,2021,12,1,Malta
7/5/2021,7,5,2021,9,0,Malta
6/5/2021,6,5,2021,30,0,Malta
5/5/2021,5,5,2021,27,0,Malta
4/5/2021,4,5,2021,35,0,Malta
3/5/2021,3,5,2021,12,1,Malta
2/5/2021,2,5,2021,15,2,Malta
1/5/2021,1,5,2021,16,0,Malta
30-04-2021,30,4,2021,27,0,Malta
29-04-2021,29,4,2021,15,0,Malta
28-04-2021,28,4,2021,45,0,Malta
27-04-2021,27,4,2021,15,0,Malta
26-04-2021,26,4,2021,25,1,Malta
25-04-2021,25,4,2021,20,0,Malta
24-04-2021,24,4,2021,33,1,Malta
23-04-2021,23,4,2021,33,0,Malta
22-04-2021,22,4,2021,24,0,Malta
21-04-2021,21,4,2021,13,2,Malta
20-04-2021,20,4,2021,60,0,Malta
19-04-2021,19,4,2021,39,0,Malta
18-04-2021,18,4,2021,67,4,Malta
17-04-2021,17,4,2021,27,2,Malta
16-04-2021,16,4,2021,55,0,Malta
15-04-2021,15,4,2021,58,0,Malta
14-04-2021,14,4,2021,59,1,Malta
13-04-2021,13,4,2021,47,0,Malta
12/4/2021,12,4,2021,66,0,Malta
11/4/2021,11,4,2021,37,1,Malta
10/4/2021,10,4,2021,48,0,Malta
9/4/2021,9,4,2021,55,1,Malta
8/4/2021,8,4,2021,65,1,Malta
7/4/2021,7,4,2021,64,0,Malta
6/4/2021,6,4,2021,56,1,Malta
5/4/2021,5,4,2021,34,1,Malta
4/4/2021,4,4,2021,62,2,Malta
3/4/2021,3,4,2021,42,1,Malta
2/4/2021,2,4,2021,52,2,Malta
1/4/2021,1,4,2021,40,2,Malta
31-03-2021,31,3,2021,55,2,Malta
30-03-2021,30,3,2021,63,1,Malta
29-03-2021,29,3,2021,67,2,Malta
28-03-2021,28,3,2021,93,3,Malta
27-03-2021,27,3,2021,103,4,Malta
26-03-2021,26,3,2021,102,1,Malta
25-03-2021,25,3,2021,101,2,Malta
24-03-2021,24,3,2021,90,2,Malta
23-03-2021,23,3,2021,191,1,Malta
22-03-2021,22,3,2021,224,3,Malta
21-03-2021,21,3,2021,55,5,Malta
20-03-2021,20,3,2021,210,1,Malta
19-03-2021,19,3,2021,179,2,Malta
18-03-2021,18,3,2021,243,4,Malta
17-03-2021,17,3,2021,211,3,Malta
16-03-2021,16,3,2021,313,3,Malta
15-03-2021,15,3,2021,213,1,Malta
14-03-2021,14,3,2021,268,4,Malta
13-03-2021,13,3,2021,298,5,Malta
12/3/2021,12,3,2021,329,4,Malta
11/3/2021,11,3,2021,283,2,Malta
10/3/2021,10,3,2021,0,1,Malta
9/3/2021,9,3,2021,501,0,Malta
8/3/2021,8,3,2021,248,5,Malta
7/3/2021,7,3,2021,201,1,Malta
6/3/2021,6,3,2021,182,3,Malta
5/3/2021,5,3,2021,345,4,Malta
4/3/2021,4,3,2021,283,2,Malta
3/3/2021,3,3,2021,362,3,Malta
2/3/2021,2,3,2021,233,1,Malta
31-05-2021,31,5,2021,2717,6,Netherlands
30-05-2021,30,5,2021,3378,8,Netherlands
29-05-2021,29,5,2021,3844,15,Netherlands
28-05-2021,28,5,2021,3324,16,Netherlands
27-05-2021,27,5,2021,2750,10,Netherlands
26-05-2021,26,5,2021,2457,12,Netherlands
25-05-2021,25,5,2021,2686,9,Netherlands
24-05-2021,24,5,2021,3418,7,Netherlands
23-05-2021,23,5,2021,3161,19,Netherlands
22-05-2021,22,5,2021,4142,12,Netherlands
21-05-2021,21,5,2021,4623,18,Netherlands
20-05-2021,20,5,2021,4549,15,Netherlands
19-05-2021,19,5,2021,5313,17,Netherlands
18-05-2021,18,5,2021,2828,7,Netherlands
17-05-2021,17,5,2021,4433,13,Netherlands
16-05-2021,16,5,2021,4441,13,Netherlands
15-05-2021,15,5,2021,5506,10,Netherlands
14-05-2021,14,5,2021,6010,14,Netherlands
13-05-2021,13,5,2021,6350,16,Netherlands
12/5/2021,12,5,2021,5506,43,Netherlands
11/5/2021,11,5,2021,5857,17,Netherlands
10/5/2021,10,5,2021,6539,4,Netherlands
9/5/2021,9,5,2021,7390,29,Netherlands
8/5/2021,8,5,2021,7471,21,Netherlands
7/5/2021,7,5,2021,6781,24,Netherlands
6/5/2021,6,5,2021,7266,24,Netherlands
5/5/2021,5,5,2021,7716,32,Netherlands
4/5/2021,4,5,2021,9174,17,Netherlands
3/5/2021,3,5,2021,5499,3,Netherlands
2/5/2021,2,5,2021,5749,21,Netherlands
1/5/2021,1,5,2021,7754,24,Netherlands
30-04-2021,30,4,2021,7256,20,Netherlands
29-04-2021,29,4,2021,8631,11,Netherlands
28-04-2021,28,4,2021,5328,31,Netherlands
27-04-2021,27,4,2021,6196,13,Netherlands
26-04-2021,26,4,2021,7996,11,Netherlands
25-04-2021,25,4,2021,8050,22,Netherlands
24-04-2021,24,4,2021,9192,14,Netherlands
23-04-2021,23,4,2021,9587,19,Netherlands
22-04-2021,22,4,2021,8444,18,Netherlands
21-04-2021,21,4,2021,6807,27,Netherlands
20-04-2021,20,4,2021,7110,22,Netherlands
19-04-2021,19,4,2021,8493,12,Netherlands
18-04-2021,18,4,2021,8272,31,Netherlands
17-04-2021,17,4,2021,8895,12,Netherlands
16-04-2021,16,4,2021,8722,13,Netherlands
15-04-2021,15,4,2021,5381,26,Netherlands
14-04-2021,14,4,2021,6677,31,Netherlands
13-04-2021,13,4,2021,6672,20,Netherlands
12/4/2021,12,4,2021,8210,17,Netherlands
11/4/2021,11,4,2021,7667,22,Netherlands
10/4/2021,10,4,2021,7621,40,Netherlands
9/4/2021,9,4,2021,7777,19,Netherlands
8/4/2021,8,4,2021,6333,23,Netherlands
7/4/2021,7,4,2021,5534,20,Netherlands
6/4/2021,6,4,2021,5314,7,Netherlands
5/4/2021,5,4,2021,6812,16,Netherlands
4/4/2021,4,4,2021,7620,31,Netherlands
3/4/2021,3,4,2021,7239,16,Netherlands
2/4/2021,2,4,2021,7814,21,Netherlands
1/4/2021,1,4,2021,7623,29,Netherlands
31-03-2021,31,3,2021,5820,34,Netherlands
30-03-2021,30,3,2021,6702,10,Netherlands
29-03-2021,29,3,2021,7421,15,Netherlands
28-03-2021,28,3,2021,8792,29,Netherlands
27-03-2021,27,3,2021,7553,24,Netherlands
26-03-2021,26,3,2021,7688,26,Netherlands
25-03-2021,25,3,2021,7574,32,Netherlands
24-03-2021,24,3,2021,5550,49,Netherlands
23-03-2021,23,3,2021,6257,15,Netherlands
22-03-2021,22,3,2021,6953,15,Netherlands
21-03-2021,21,3,2021,7577,16,Netherlands
20-03-2021,20,3,2021,7371,46,Netherlands
19-03-2021,19,3,2021,6115,33,Netherlands
18-03-2021,18,3,2021,5918,46,Netherlands
17-03-2021,17,3,2021,4893,32,Netherlands
16-03-2021,16,3,2021,5465,18,Netherlands
15-03-2021,15,3,2021,5967,22,Netherlands
14-03-2021,14,3,2021,6390,22,Netherlands
13-03-2021,13,3,2021,6020,26,Netherlands
12/3/2021,12,3,2021,5319,50,Netherlands
11/3/2021,11,3,2021,5255,31,Netherlands
10/3/2021,10,3,2021,4297,56,Netherlands
9/3/2021,9,3,2021,3832,28,Netherlands
8/3/2021,8,3,2021,4522,30,Netherlands
7/3/2021,7,3,2021,5329,41,Netherlands
6/3/2021,6,3,2021,4668,32,Netherlands
5/3/2021,5,3,2021,4110,33,Netherlands
4/3/2021,4,3,2021,4991,48,Netherlands
3/3/2021,3,3,2021,3976,65,Netherlands
2/3/2021,2,3,2021,3753,21,Netherlands
31-05-2021,31,5,2021,0,0,Norway
30-05-2021,30,5,2021,0,0,Norway
29-05-2021,29,5,2021,410,0,Norway
28-05-2021,28,5,2021,501,0,Norway
27-05-2021,27,5,2021,508,1,Norway
26-05-2021,26,5,2021,238,0,Norway
25-05-2021,25,5,2021,1618,1,Norway
24-05-2021,24,5,2021,0,0,Norway
23-05-2021,23,5,2021,0,0,Norway
22-05-2021,22,5,2021,505,0,Norway
21-05-2021,21,5,2021,478,0,Norway
20-05-2021,20,5,2021,313,7,Norway
19-05-2021,19,5,2021,201,0,Norway
18-05-2021,18,5,2021,982,0,Norway
17-05-2021,17,5,2021,0,0,Norway
16-05-2021,16,5,2021,0,0,Norway
15-05-2021,15,5,2021,320,0,Norway
14-05-2021,14,5,2021,461,0,Norway
13-05-2021,13,5,2021,473,6,Norway
12/5/2021,12,5,2021,580,1,Norway
11/5/2021,11,5,2021,1031,0,Norway
10/5/2021,10,5,2021,0,0,Norway
9/5/2021,9,5,2021,0,0,Norway
8/5/2021,8,5,2021,505,0,Norway
7/5/2021,7,5,2021,471,0,Norway
6/5/2021,6,5,2021,484,10,Norway
5/5/2021,5,5,2021,482,0,Norway
4/5/2021,4,5,2021,928,1,Norway
3/5/2021,3,5,2021,0,0,Norway
2/5/2021,2,5,2021,0,0,Norway
1/5/2021,1,5,2021,385,2,Norway
30-04-2021,30,4,2021,470,1,Norway
29-04-2021,29,4,2021,523,16,Norway
28-04-2021,28,4,2021,551,0,Norway
27-04-2021,27,4,2021,1030,1,Norway
26-04-2021,26,4,2021,0,0,Norway
25-04-2021,25,4,2021,0,0,Norway
24-04-2021,24,4,2021,444,1,Norway
23-04-2021,23,4,2021,550,1,Norway
22-04-2021,22,4,2021,561,25,Norway
21-04-2021,21,4,2021,516,0,Norway
20-04-2021,20,4,2021,1287,1,Norway
19-04-2021,19,4,2021,0,0,Norway
18-04-2021,18,4,2021,0,0,Norway
17-04-2021,17,4,2021,617,1,Norway
16-04-2021,16,4,2021,599,1,Norway
15-04-2021,15,4,2021,739,18,Norway
14-04-2021,14,4,2021,648,1,Norway
13-04-2021,13,4,2021,1661,3,Norway
12/4/2021,12,4,2021,0,0,Norway
11/4/2021,11,4,2021,0,0,Norway
10/4/2021,10,4,2021,878,0,Norway
9/4/2021,9,4,2021,934,1,Norway
8/4/2021,8,4,2021,898,6,Norway
7/4/2021,7,4,2021,575,1,Norway
6/4/2021,6,4,2021,1904,3,Norway
5/4/2021,5,4,2021,0,0,Norway
4/4/2021,4,4,2021,0,0,Norway
3/4/2021,3,4,2021,691,0,Norway
2/4/2021,2,4,2021,871,10,Norway
1/4/2021,1,4,2021,1070,2,Norway
31-03-2021,31,3,2021,993,1,Norway
30-03-2021,30,3,2021,2211,4,Norway
29-03-2021,29,3,2021,0,0,Norway
28-03-2021,28,3,2021,0,0,Norway
27-03-2021,27,3,2021,833,0,Norway
26-03-2021,26,3,2021,984,0,Norway
25-03-2021,25,3,2021,1078,7,Norway
24-03-2021,24,3,2021,1100,0,Norway
23-03-2021,23,3,2021,2386,1,Norway
22-03-2021,22,3,2021,0,0,Norway
21-03-2021,21,3,2021,0,0,Norway
20-03-2021,20,3,2021,1034,0,Norway
19-03-2021,19,3,2021,1064,0,Norway
18-03-2021,18,3,2021,1154,7,Norway
17-03-2021,17,3,2021,861,1,Norway
16-03-2021,16,3,2021,2400,1,Norway
15-03-2021,15,3,2021,0,0,Norway
14-03-2021,14,3,2021,0,0,Norway
13-03-2021,13,3,2021,872,0,Norway
12/3/2021,12,3,2021,684,1,Norway
11/3/2021,11,3,2021,716,6,Norway
10/3/2021,10,3,2021,828,0,Norway
9/3/2021,9,3,2021,1447,0,Norway
8/3/2021,8,3,2021,0,0,Norway
7/3/2021,7,3,2021,0,0,Norway
6/3/2021,6,3,2021,570,0,Norway
5/3/2021,5,3,2021,690,0,Norway
4/3/2021,4,3,2021,500,9,Norway
3/3/2021,3,3,2021,731,0,Norway
2/3/2021,2,3,2021,968,1,Norway
31-05-2021,31,5,2021,579,56,Poland
30-05-2021,30,5,2021,776,125,Poland
29-05-2021,29,5,2021,943,117,Poland
28-05-2021,28,5,2021,1202,135,Poland
27-05-2021,27,5,2021,1263,209,Poland
26-05-2021,26,5,2021,1006,151,Poland
25-05-2021,25,5,2021,559,17,Poland
24-05-2021,24,5,2021,1076,46,Poland
23-05-2021,23,5,2021,1515,191,Poland
22-05-2021,22,5,2021,1680,191,Poland
21-05-2021,21,5,2021,2090,250,Poland
20-05-2021,20,5,2021,2337,330,Poland
19-05-2021,19,5,2021,1734,245,Poland
18-05-2021,18,5,2021,1111,11,Poland
17-05-2021,17,5,2021,2168,55,Poland
16-05-2021,16,5,2021,2897,298,Poland
15-05-2021,15,5,2021,3252,290,Poland
14-05-2021,14,5,2021,3423,342,Poland
13-05-2021,13,5,2021,4159,343,Poland
12/5/2021,12,5,2021,3097,302,Poland
11/5/2021,11,5,2021,2031,22,Poland
10/5/2021,10,5,2021,3856,146,Poland
9/5/2021,9,5,2021,4771,421,Poland
8/5/2021,8,5,2021,6047,452,Poland
7/5/2021,7,5,2021,6427,511,Poland
6/5/2021,6,5,2021,3899,349,Poland
5/5/2021,5,5,2021,2296,28,Poland
4/5/2021,4,5,2021,2523,37,Poland
3/5/2021,3,5,2021,4616,144,Poland
2/5/2021,2,5,2021,6475,422,Poland
1/5/2021,1,5,2021,6789,429,Poland
30-04-2021,30,4,2021,8426,540,Poland
29-04-2021,29,4,2021,8893,636,Poland
28-04-2021,28,4,2021,5711,460,Poland
27-04-2021,27,4,2021,3467,22,Poland
26-04-2021,26,4,2021,7224,193,Poland
25-04-2021,25,4,2021,9510,515,Poland
24-04-2021,24,4,2021,10866,539,Poland
23-04-2021,23,4,2021,12763,695,Poland
22-04-2021,22,4,2021,13922,739,Poland
21-04-2021,21,4,2021,9244,601,Poland
20-04-2021,20,4,2021,7302,101,Poland
19-04-2021,19,4,2021,12151,207,Poland
18-04-2021,18,4,2021,15786,617,Poland
17-04-2021,17,4,2021,17846,596,Poland
16-04-2021,16,4,2021,21126,682,Poland
15-04-2021,15,4,2021,21266,804,Poland
14-04-2021,14,4,2021,13203,645,Poland
13-04-2021,13,4,2021,12016,60,Poland
12/4/2021,12,4,2021,21733,245,Poland
11/4/2021,11,4,2021,24892,749,Poland
10/4/2021,10,4,2021,28499,768,Poland
9/4/2021,9,4,2021,27890,956,Poland
8/4/2021,8,4,2021,14908,638,Poland
7/4/2021,7,4,2021,8246,60,Poland
6/4/2021,6,4,2021,9921,64,Poland
5/4/2021,5,4,2021,22958,204,Poland
4/4/2021,4,4,2021,28073,572,Poland
3/4/2021,3,4,2021,30541,500,Poland
2/4/2021,2,4,2021,35253,620,Poland
1/4/2021,1,4,2021,32891,653,Poland
31-03-2021,31,3,2021,20862,460,Poland
30-03-2021,30,3,2021,16973,48,Poland
29-03-2021,29,3,2021,29266,131,Poland
28-03-2021,28,3,2021,31759,448,Poland
27-03-2021,27,3,2021,35145,445,Poland
26-03-2021,26,3,2021,34150,520,Poland
25-03-2021,25,3,2021,30802,579,Poland
24-03-2021,24,3,2021,16740,396,Poland
23-03-2021,23,3,2021,14579,65,Poland
22-03-2021,22,3,2021,21850,141,Poland
21-03-2021,21,3,2021,26456,352,Poland
20-03-2021,20,3,2021,25996,419,Poland
19-03-2021,19,3,2021,27274,356,Poland
18-03-2021,18,3,2021,25053,454,Poland
17-03-2021,17,3,2021,14394,372,Poland
16-03-2021,16,3,2021,10895,28,Poland
15-03-2021,15,3,2021,17272,110,Poland
14-03-2021,14,3,2021,21063,344,Poland
13-03-2021,13,3,2021,18873,351,Poland
12/3/2021,12,3,2021,21111,376,Poland
11/3/2021,11,3,2021,17277,398,Poland
10/3/2021,10,3,2021,9953,282,Poland
9/3/2021,9,3,2021,6169,32,Poland
8/3/2021,8,3,2021,13569,126,Poland
7/3/2021,7,3,2021,14855,247,Poland
6/3/2021,6,3,2021,15831,263,Poland
5/3/2021,5,3,2021,15253,289,Poland
4/3/2021,4,3,2021,15698,352,Poland
3/3/2021,3,3,2021,7936,215,Poland
2/3/2021,2,3,2021,4786,24,Poland
31-05-2021,31,5,2021,445,0,Portugal
30-05-2021,30,5,2021,609,0,Portugal
29-05-2021,29,5,2021,598,1,Portugal
28-05-2021,28,5,2021,572,0,Portugal
27-05-2021,27,5,2021,594,1,Portugal
26-05-2021,26,5,2021,375,3,Portugal
25-05-2021,25,5,2021,241,1,Portugal
24-05-2021,24,5,2021,413,0,Portugal
23-05-2021,23,5,2021,523,0,Portugal
22-05-2021,22,5,2021,559,3,Portugal
21-05-2021,21,5,2021,451,1,Portugal
20-05-2021,20,5,2021,511,2,Portugal
19-05-2021,19,5,2021,386,2,Portugal
18-05-2021,18,5,2021,199,2,Portugal
17-05-2021,17,5,2021,334,1,Portugal
16-05-2021,16,5,2021,469,7,Portugal
15-05-2021,15,5,2021,450,0,Portugal
14-05-2021,14,5,2021,436,1,Portugal
13-05-2021,13,5,2021,485,4,Portugal
12/5/2021,12,5,2021,268,1,Portugal
11/5/2021,11,5,2021,158,1,Portugal
10/5/2021,10,5,2021,324,1,Portugal
9/5/2021,9,5,2021,406,2,Portugal
8/5/2021,8,5,2021,377,1,Portugal
7/5/2021,7,5,2021,373,5,Portugal
6/5/2021,6,5,2021,387,2,Portugal
5/5/2021,5,5,2021,258,4,Portugal
4/5/2021,4,5,2021,180,0,Portugal
3/5/2021,3,5,2021,330,1,Portugal
2/5/2021,2,5,2021,454,2,Portugal
1/5/2021,1,5,2021,460,0,Portugal
30-04-2021,30,4,2021,470,1,Portugal
29-04-2021,29,4,2021,572,3,Portugal
28-04-2021,28,4,2021,353,5,Portugal
27-04-2021,27,4,2021,196,0,Portugal
26-04-2021,26,4,2021,478,6,Portugal
25-04-2021,25,4,2021,567,2,Portugal
24-04-2021,24,4,2021,506,1,Portugal
23-04-2021,23,4,2021,636,4,Portugal
22-04-2021,22,4,2021,610,1,Portugal
21-04-2021,21,4,2021,424,5,Portugal
20-04-2021,20,4,2021,220,1,Portugal
19-04-2021,19,4,2021,441,3,Portugal
18-04-2021,18,4,2021,649,5,Portugal
17-04-2021,17,4,2021,553,4,Portugal
16-04-2021,16,4,2021,501,2,Portugal
15-04-2021,15,4,2021,684,8,Portugal
14-04-2021,14,4,2021,408,5,Portugal
13-04-2021,13,4,2021,271,2,Portugal
12/4/2021,12,4,2021,566,6,Portugal
11/4/2021,11,4,2021,601,6,Portugal
10/4/2021,10,4,2021,694,5,Portugal
9/4/2021,9,4,2021,602,9,Portugal
8/4/2021,8,4,2021,663,3,Portugal
7/4/2021,7,4,2021,874,2,Portugal
6/4/2021,6,4,2021,159,6,Portugal
5/4/2021,5,4,2021,193,4,Portugal
4/4/2021,4,4,2021,280,7,Portugal
3/4/2021,3,4,2021,548,9,Portugal
2/4/2021,2,4,2021,592,11,Portugal
1/4/2021,1,4,2021,618,3,Portugal
31-03-2021,31,3,2021,388,2,Portugal
30-03-2021,30,3,2021,309,6,Portugal
29-03-2021,29,3,2021,365,10,Portugal
28-03-2021,28,3,2021,344,8,Portugal
27-03-2021,27,3,2021,488,5,Portugal
26-03-2021,26,3,2021,423,9,Portugal
25-03-2021,25,3,2021,575,11,Portugal
24-03-2021,24,3,2021,434,10,Portugal
23-03-2021,23,3,2021,248,16,Portugal
22-03-2021,22,3,2021,450,6,Portugal
21-03-2021,21,3,2021,457,8,Portugal
20-03-2021,20,3,2021,568,11,Portugal
19-03-2021,19,3,2021,485,21,Portugal
18-03-2021,18,3,2021,673,15,Portugal
17-03-2021,17,3,2021,384,13,Portugal
16-03-2021,16,3,2021,256,10,Portugal
15-03-2021,15,3,2021,541,15,Portugal
14-03-2021,14,3,2021,564,19,Portugal
13-03-2021,13,3,2021,577,15,Portugal
12/3/2021,12,3,2021,627,18,Portugal
11/3/2021,11,3,2021,642,22,Portugal
10/3/2021,10,3,2021,847,30,Portugal
9/3/2021,9,3,2021,365,25,Portugal
8/3/2021,8,3,2021,682,28,Portugal
7/3/2021,7,3,2021,1007,26,Portugal
6/3/2021,6,3,2021,949,28,Portugal
5/3/2021,5,3,2021,830,28,Portugal
4/3/2021,4,3,2021,979,41,Portugal
3/3/2021,3,3,2021,691,38,Portugal
2/3/2021,2,3,2021,394,34,Portugal
31-05-2021,31,5,2021,158,29,Romania
30-05-2021,30,5,2021,265,73,Romania
29-05-2021,29,5,2021,321,43,Romania
28-05-2021,28,5,2021,307,39,Romania
27-05-2021,27,5,2021,379,52,Romania
26-05-2021,26,5,2021,381,63,Romania
25-05-2021,25,5,2021,230,36,Romania
24-05-2021,24,5,2021,307,56,Romania
23-05-2021,23,5,2021,455,59,Romania
22-05-2021,22,5,2021,484,49,Romania
21-05-2021,21,5,2021,618,61,Romania
20-05-2021,20,5,2021,707,54,Romania
19-05-2021,19,5,2021,681,91,Romania
18-05-2021,18,5,2021,392,48,Romania
17-05-2021,17,5,2021,565,38,Romania
16-05-2021,16,5,2021,729,72,Romania
15-05-2021,15,5,2021,835,105,Romania
14-05-2021,14,5,2021,953,75,Romania
13-05-2021,13,5,2021,930,98,Romania
12/5/2021,12,5,2021,1156,101,Romania
11/5/2021,11,5,2021,620,68,Romania
10/5/2021,10,5,2021,857,63,Romania
9/5/2021,9,5,2021,1305,104,Romania
8/5/2021,8,5,2021,1422,89,Romania
7/5/2021,7,5,2021,1632,94,Romania
6/5/2021,6,5,2021,1564,142,Romania
5/5/2021,5,5,2021,994,94,Romania
4/5/2021,4,5,2021,682,98,Romania
3/5/2021,3,5,2021,1083,88,Romania
2/5/2021,2,5,2021,1307,85,Romania
1/5/2021,1,5,2021,1636,138,Romania
30-04-2021,30,4,2021,1850,138,Romania
29-04-2021,29,4,2021,2240,150,Romania
28-04-2021,28,4,2021,2019,172,Romania
27-04-2021,27,4,2021,1256,117,Romania
26-04-2021,26,4,2021,1542,127,Romania
25-04-2021,25,4,2021,2201,154,Romania
24-04-2021,24,4,2021,2523,170,Romania
23-04-2021,23,4,2021,2989,150,Romania
22-04-2021,22,4,2021,3006,175,Romania
21-04-2021,21,4,2021,2931,237,Romania
20-04-2021,20,4,2021,1768,149,Romania
19-04-2021,19,4,2021,2265,160,Romania
18-04-2021,18,4,2021,3474,135,Romania
17-04-2021,17,4,2021,3264,137,Romania
16-04-2021,16,4,2021,3852,195,Romania
15-04-2021,15,4,2021,4076,164,Romania
14-04-2021,14,4,2021,3883,193,Romania
13-04-2021,13,4,2021,2323,113,Romania
12/4/2021,12,4,2021,3302,129,Romania
11/4/2021,11,4,2021,4310,139,Romania
10/4/2021,10,4,2021,4942,134,Romania
9/4/2021,9,4,2021,4989,172,Romania
8/4/2021,8,4,2021,5407,175,Romania
7/4/2021,7,4,2021,5231,196,Romania
6/4/2021,6,4,2021,3611,120,Romania
5/4/2021,5,4,2021,4151,97,Romania
4/4/2021,4,4,2021,5498,154,Romania
3/4/2021,3,4,2021,5808,145,Romania
2/4/2021,2,4,2021,6115,136,Romania
1/4/2021,1,4,2021,6156,129,Romania
31-03-2021,31,3,2021,6204,175,Romania
30-03-2021,30,3,2021,3825,120,Romania
29-03-2021,29,3,2021,4439,117,Romania
28-03-2021,28,3,2021,5869,162,Romania
27-03-2021,27,3,2021,6516,116,Romania
26-03-2021,26,3,2021,6651,140,Romania
25-03-2021,25,3,2021,6136,137,Romania
24-03-2021,24,3,2021,6149,174,Romania
23-03-2021,23,3,2021,3743,60,Romania
22-03-2021,22,3,2021,4267,76,Romania
21-03-2021,21,3,2021,6096,112,Romania
20-03-2021,20,3,2021,5593,143,Romania
19-03-2021,19,3,2021,6174,90,Romania
18-03-2021,18,3,2021,6186,89,Romania
17-03-2021,17,3,2021,6118,133,Romania
16-03-2021,16,3,2021,2972,82,Romania
15-03-2021,15,3,2021,4383,44,Romania
14-03-2021,14,3,2021,4964,79,Romania
13-03-2021,13,3,2021,5010,108,Romania
12/3/2021,12,3,2021,5236,96,Romania
11/3/2021,11,3,2021,4564,100,Romania
10/3/2021,10,3,2021,4989,93,Romania
9/3/2021,9,3,2021,2280,63,Romania
8/3/2021,8,3,2021,3288,46,Romania
7/3/2021,7,3,2021,4064,69,Romania
6/3/2021,6,3,2021,4342,101,Romania
5/3/2021,5,3,2021,4271,98,Romania
4/3/2021,4,3,2021,4278,77,Romania
3/3/2021,3,3,2021,3950,106,Romania
2/3/2021,2,3,2021,2096,53,Romania
31-05-2021,31,5,2021,200,4,Slovakia
30-05-2021,30,5,2021,355,2,Slovakia
29-05-2021,29,5,2021,134,13,Slovakia
28-05-2021,28,5,2021,335,8,Slovakia
27-05-2021,27,5,2021,362,11,Slovakia
26-05-2021,26,5,2021,132,5,Slovakia
25-05-2021,25,5,2021,412,4,Slovakia
24-05-2021,24,5,2021,376,6,Slovakia
23-05-2021,23,5,2021,464,6,Slovakia
22-05-2021,22,5,2021,354,8,Slovakia
21-05-2021,21,5,2021,347,10,Slovakia
20-05-2021,20,5,2021,512,14,Slovakia
19-05-2021,19,5,2021,19,10,Slovakia
18-05-2021,18,5,2021,552,14,Slovakia
17-05-2021,17,5,2021,386,21,Slovakia
16-05-2021,16,5,2021,377,35,Slovakia
15-05-2021,15,5,2021,605,33,Slovakia
14-05-2021,14,5,2021,560,39,Slovakia
13-05-2021,13,5,2021,608,19,Slovakia
12/5/2021,12,5,2021,666,26,Slovakia
11/5/2021,11,5,2021,778,32,Slovakia
10/5/2021,10,5,2021,710,29,Slovakia
9/5/2021,9,5,2021,351,44,Slovakia
8/5/2021,8,5,2021,833,26,Slovakia
7/5/2021,7,5,2021,751,34,Slovakia
6/5/2021,6,5,2021,706,31,Slovakia
5/5/2021,5,5,2021,1094,48,Slovakia
4/5/2021,4,5,2021,926,41,Slovakia
3/5/2021,3,5,2021,629,34,Slovakia
2/5/2021,2,5,2021,1015,48,Slovakia
1/5/2021,1,5,2021,1154,37,Slovakia
30-04-2021,30,4,2021,998,36,Slovakia
29-04-2021,29,4,2021,1062,39,Slovakia
28-04-2021,28,4,2021,1193,41,Slovakia
27-04-2021,27,4,2021,1193,36,Slovakia
26-04-2021,26,4,2021,688,37,Slovakia
25-04-2021,25,4,2021,1369,53,Slovakia
24-04-2021,24,4,2021,1531,48,Slovakia
23-04-2021,23,4,2021,1049,53,Slovakia
22-04-2021,22,4,2021,1336,60,Slovakia
21-04-2021,21,4,2021,1409,72,Slovakia
20-04-2021,20,4,2021,1469,66,Slovakia
19-04-2021,19,4,2021,721,63,Slovakia
18-04-2021,18,4,2021,1642,73,Slovakia
17-04-2021,17,4,2021,1586,93,Slovakia
16-04-2021,16,4,2021,1316,79,Slovakia
15-04-2021,15,4,2021,1524,82,Slovakia
14-04-2021,14,4,2021,1761,86,Slovakia
13-04-2021,13,4,2021,1784,65,Slovakia
12/4/2021,12,4,2021,840,78,Slovakia
11/4/2021,11,4,2021,1981,76,Slovakia
10/4/2021,10,4,2021,2013,89,Slovakia
9/4/2021,9,4,2021,1692,79,Slovakia
8/4/2021,8,4,2021,2542,149,Slovakia
7/4/2021,7,4,2021,2629,0,Slovakia
6/4/2021,6,4,2021,972,69,Slovakia
5/4/2021,5,4,2021,707,77,Slovakia
4/4/2021,4,4,2021,2579,71,Slovakia
3/4/2021,3,4,2021,1381,87,Slovakia
2/4/2021,2,4,2021,2626,71,Slovakia
1/4/2021,1,4,2021,2520,95,Slovakia
31-03-2021,31,3,2021,3063,82,Slovakia
30-03-2021,30,3,2021,2689,46,Slovakia
29-03-2021,29,3,2021,1510,70,Slovakia
28-03-2021,28,3,2021,3129,53,Slovakia
27-03-2021,27,3,2021,3197,60,Slovakia
26-03-2021,26,3,2021,2633,52,Slovakia
25-03-2021,25,3,2021,3062,71,Slovakia
24-03-2021,24,3,2021,3490,86,Slovakia
23-03-2021,23,3,2021,3047,60,Slovakia
22-03-2021,22,3,2021,1966,66,Slovakia
21-03-2021,21,3,2021,3621,84,Slovakia
20-03-2021,20,3,2021,3817,80,Slovakia
19-03-2021,19,3,2021,3291,76,Slovakia
18-03-2021,18,3,2021,3590,69,Slovakia
17-03-2021,17,3,2021,4715,64,Slovakia
16-03-2021,16,3,2021,3802,77,Slovakia
15-03-2021,15,3,2021,2314,88,Slovakia
14-03-2021,14,3,2021,4687,94,Slovakia
13-03-2021,13,3,2021,4742,102,Slovakia
12/3/2021,12,3,2021,4153,98,Slovakia
11/3/2021,11,3,2021,3943,109,Slovakia
10/3/2021,10,3,2021,5645,116,Slovakia
9/3/2021,9,3,2021,4811,85,Slovakia
8/3/2021,8,3,2021,2696,97,Slovakia
7/3/2021,7,3,2021,5210,74,Slovakia
6/3/2021,6,3,2021,5363,105,Slovakia
5/3/2021,5,3,2021,4821,71,Slovakia
4/3/2021,4,3,2021,5285,101,Slovakia
3/3/2021,3,3,2021,6107,118,Slovakia
2/3/2021,2,3,2021,5260,81,Slovakia
31-05-2021,31,5,2021,138,3,Slovenia
30-05-2021,30,5,2021,353,2,Slovenia
29-05-2021,29,5,2021,292,2,Slovenia
28-05-2021,28,5,2021,362,3,Slovenia
27-05-2021,27,5,2021,388,8,Slovenia
26-05-2021,26,5,2021,325,0,Slovenia
25-05-2021,25,5,2021,83,0,Slovenia
24-05-2021,24,5,2021,159,1,Slovenia
23-05-2021,23,5,2021,383,4,Slovenia
22-05-2021,22,5,2021,331,6,Slovenia
21-05-2021,21,5,2021,364,4,Slovenia
20-05-2021,20,5,2021,532,4,Slovenia
19-05-2021,19,5,2021,497,4,Slovenia
18-05-2021,18,5,2021,114,3,Slovenia
17-05-2021,17,5,2021,296,6,Slovenia
16-05-2021,16,5,2021,494,5,Slovenia
15-05-2021,15,5,2021,473,9,Slovenia
14-05-2021,14,5,2021,598,8,Slovenia
13-05-2021,13,5,2021,724,1,Slovenia
12/5/2021,12,5,2021,494,3,Slovenia
11/5/2021,11,5,2021,147,5,Slovenia
10/5/2021,10,5,2021,291,6,Slovenia
9/5/2021,9,5,2021,634,6,Slovenia
8/5/2021,8,5,2021,603,10,Slovenia
7/5/2021,7,5,2021,835,11,Slovenia
6/5/2021,6,5,2021,931,8,Slovenia
5/5/2021,5,5,2021,907,2,Slovenia
4/5/2021,4,5,2021,210,1,Slovenia
3/5/2021,3,5,2021,363,9,Slovenia
2/5/2021,2,5,2021,1018,7,Slovenia
1/5/2021,1,5,2021,949,22,Slovenia
30-04-2021,30,4,2021,922,0,Slovenia
29-04-2021,29,4,2021,398,5,Slovenia
28-04-2021,28,4,2021,804,4,Slovenia
27-04-2021,27,4,2021,191,0,Slovenia
26-04-2021,26,4,2021,0,0,Slovenia
25-04-2021,25,4,2021,415,4,Slovenia
24-04-2021,24,4,2021,1802,26,Slovenia
23-04-2021,23,4,2021,743,12,Slovenia
22-04-2021,22,4,2021,1035,5,Slovenia
21-04-2021,21,4,2021,720,13,Slovenia
20-04-2021,20,4,2021,236,0,Slovenia
19-04-2021,19,4,2021,484,4,Slovenia
18-04-2021,18,4,2021,765,39,Slovenia
17-04-2021,17,4,2021,862,1,Slovenia
16-04-2021,16,4,2021,890,1,Slovenia
15-04-2021,15,4,2021,1238,0,Slovenia
14-04-2021,14,4,2021,1051,5,Slovenia
13-04-2021,13,4,2021,288,3,Slovenia
12/4/2021,12,4,2021,549,1,Slovenia
11/4/2021,11,4,2021,1251,0,Slovenia
10/4/2021,10,4,2021,1279,16,Slovenia
9/4/2021,9,4,2021,1531,16,Slovenia
8/4/2021,8,4,2021,1188,6,Slovenia
7/4/2021,7,4,2021,276,0,Slovenia
6/4/2021,6,4,2021,283,1,Slovenia
5/4/2021,5,4,2021,721,3,Slovenia
4/4/2021,4,4,2021,1297,4,Slovenia
3/4/2021,3,4,2021,1179,18,Slovenia
2/4/2021,2,4,2021,1341,14,Slovenia
1/4/2021,1,4,2021,1560,10,Slovenia
31-03-2021,31,3,2021,1079,8,Slovenia
30-03-2021,30,3,2021,286,1,Slovenia
29-03-2021,29,3,2021,641,3,Slovenia
28-03-2021,28,3,2021,1251,11,Slovenia
27-03-2021,27,3,2021,1034,8,Slovenia
26-03-2021,26,3,2021,1164,8,Slovenia
25-03-2021,25,3,2021,1289,15,Slovenia
24-03-2021,24,3,2021,983,6,Slovenia
23-03-2021,23,3,2021,290,0,Slovenia
22-03-2021,22,3,2021,517,1,Slovenia
21-03-2021,21,3,2021,1031,7,Slovenia
20-03-2021,20,3,2021,934,12,Slovenia
19-03-2021,19,3,2021,973,15,Slovenia
18-03-2021,18,3,2021,1111,4,Slovenia
17-03-2021,17,3,2021,882,0,Slovenia
16-03-2021,16,3,2021,204,2,Slovenia
15-03-2021,15,3,2021,521,3,Slovenia
14-03-2021,14,3,2021,852,10,Slovenia
13-03-2021,13,3,2021,768,8,Slovenia
12/3/2021,12,3,2021,860,17,Slovenia
11/3/2021,11,3,2021,952,11,Slovenia
10/3/2021,10,3,2021,741,0,Slovenia
9/3/2021,9,3,2021,213,0,Slovenia
8/3/2021,8,3,2021,382,28,Slovenia
7/3/2021,7,3,2021,921,0,Slovenia
6/3/2021,6,3,2021,884,0,Slovenia
5/3/2021,5,3,2021,1015,13,Slovenia
4/3/2021,4,3,2021,1210,4,Slovenia
3/3/2021,3,3,2021,732,11,Slovenia
2/3/2021,2,3,2021,243,2,Slovenia
31-05-2021,31,5,2021,9732,48,Spain
30-05-2021,30,5,2021,0,0,Spain
29-05-2021,29,5,2021,0,0,Spain
28-05-2021,28,5,2021,5482,17,Spain
27-05-2021,27,5,2021,5290,33,Spain
26-05-2021,26,5,2021,5007,54,Spain
25-05-2021,25,5,2021,5359,90,Spain
24-05-2021,24,5,2021,11067,91,Spain
23-05-2021,23,5,2021,0,0,Spain
22-05-2021,22,5,2021,0,0,Spain
21-05-2021,21,5,2021,4792,19,Spain
20-05-2021,20,5,2021,5733,33,Spain
19-05-2021,19,5,2021,6080,66,Spain
18-05-2021,18,5,2021,3988,70,Spain
17-05-2021,17,5,2021,11061,93,Spain
16-05-2021,16,5,2021,0,0,Spain
15-05-2021,15,5,2021,0,0,Spain
14-05-2021,14,5,2021,6347,58,Spain
13-05-2021,13,5,2021,5701,73,Spain
12/5/2021,12,5,2021,6418,108,Spain
11/5/2021,11,5,2021,4941,205,Spain
10/5/2021,10,5,2021,13984,103,Spain
9/5/2021,9,5,2021,0,0,Spain
8/5/2021,8,5,2021,0,0,Spain
7/5/2021,7,5,2021,8186,66,Spain
6/5/2021,6,5,2021,7960,160,Spain
5/5/2021,5,5,2021,6317,167,Spain
4/5/2021,4,5,2021,4515,106,Spain
3/5/2021,3,5,2021,16353,77,Spain
2/5/2021,2,5,2021,0,0,Spain
1/5/2021,1,5,2021,0,0,Spain
30-04-2021,30,4,2021,9135,136,Spain
29-04-2021,29,4,2021,10143,137,Spain
28-04-2021,28,4,2021,8665,88,Spain
27-04-2021,27,4,2021,7665,117,Spain
26-04-2021,26,4,2021,19852,147,Spain
25-04-2021,25,4,2021,0,0,Spain
24-04-2021,24,4,2021,0,0,Spain
23-04-2021,23,4,2021,11731,95,Spain
22-04-2021,22,4,2021,10814,132,Spain
21-04-2021,21,4,2021,10232,148,Spain
20-04-2021,20,4,2021,7486,114,Spain
19-04-2021,19,4,2021,21071,121,Spain
18-04-2021,18,4,2021,0,0,Spain
17-04-2021,17,4,2021,0,0,Spain
16-04-2021,16,4,2021,10598,99,Spain
15-04-2021,15,4,2021,9663,126,Spain
14-04-2021,14,4,2021,10474,131,Spain
13-04-2021,13,4,2021,6292,100,Spain
12/4/2021,12,4,2021,22744,197,Spain
11/4/2021,11,4,2021,0,0,Spain
10/4/2021,10,4,2021,0,0,Spain
9/4/2021,9,4,2021,10875,149,Spain
8/4/2021,8,4,2021,9901,142,Spain
7/4/2021,7,4,2021,8788,126,Spain
6/4/2021,6,4,2021,6623,128,Spain
5/4/2021,5,4,2021,10360,85,Spain
4/4/2021,4,4,2021,0,0,Spain
3/4/2021,3,4,2021,9571,157,Spain
2/4/2021,2,4,2021,0,0,Spain
1/4/2021,1,4,2021,7041,82,Spain
31-03-2021,31,3,2021,8534,154,Spain
30-03-2021,30,3,2021,4994,106,Spain
29-03-2021,29,3,2021,15501,189,Spain
28-03-2021,28,3,2021,0,0,Spain
27-03-2021,27,3,2021,0,0,Spain
26-03-2021,26,3,2021,7586,590,Spain
25-03-2021,25,3,2021,6393,356,Spain
24-03-2021,24,3,2021,7026,320,Spain
23-03-2021,23,3,2021,5516,201,Spain
22-03-2021,22,3,2021,16471,633,Spain
21-03-2021,21,3,2021,0,0,Spain
20-03-2021,20,3,2021,0,0,Spain
19-03-2021,19,3,2021,0,0,Spain
18-03-2021,18,3,2021,6216,117,Spain
17-03-2021,17,3,2021,6092,228,Spain
16-03-2021,16,3,2021,4962,141,Spain
15-03-2021,15,3,2021,11358,166,Spain
14-03-2021,14,3,2021,0,0,Spain
13-03-2021,13,3,2021,0,0,Spain
12/3/2021,12,3,2021,5348,173,Spain
11/3/2021,11,3,2021,6255,124,Spain
10/3/2021,10,3,2021,7163,234,Spain
9/3/2021,9,3,2021,3968,291,Spain
8/3/2021,8,3,2021,11958,298,Spain
7/3/2021,7,3,2021,0,0,Spain
6/3/2021,6,3,2021,0,0,Spain
5/3/2021,5,3,2021,6654,637,Spain
4/3/2021,4,3,2021,6037,254,Spain
3/3/2021,3,3,2021,6137,446,Spain
2/3/2021,2,3,2021,4517,192,Spain
31-05-2021,31,5,2021,1900,1,Sweden
30-05-2021,30,5,2021,1949,5,Sweden
29-05-2021,29,5,2021,285,8,Sweden
28-05-2021,28,5,2021,297,2,Sweden
27-05-2021,27,5,2021,90,8,Sweden
26-05-2021,26,5,2021,1419,7,Sweden
25-05-2021,25,5,2021,2740,9,Sweden
24-05-2021,24,5,2021,1195,7,Sweden
23-05-2021,23,5,2021,620,4,Sweden
22-05-2021,22,5,2021,1909,11,Sweden
21-05-2021,21,5,2021,2322,9,Sweden
20-05-2021,20,5,2021,3165,12,Sweden
19-05-2021,19,5,2021,3409,12,Sweden
18-05-2021,18,5,2021,4646,7,Sweden
17-05-2021,17,5,2021,2109,9,Sweden
16-05-2021,16,5,2021,1408,9,Sweden
15-05-2021,15,5,2021,3969,13,Sweden
14-05-2021,14,5,2021,2582,12,Sweden
13-05-2021,13,5,2021,3918,24,Sweden
12/5/2021,12,5,2021,5268,19,Sweden
11/5/2021,11,5,2021,6313,11,Sweden
10/5/2021,10,5,2021,2461,10,Sweden
9/5/2021,9,5,2021,1657,20,Sweden
8/5/2021,8,5,2021,4479,15,Sweden
7/5/2021,7,5,2021,5245,19,Sweden
6/5/2021,6,5,2021,5718,13,Sweden
5/5/2021,5,5,2021,6483,10,Sweden
4/5/2021,4,5,2021,7035,15,Sweden
3/5/2021,3,5,2021,3069,12,Sweden
2/5/2021,2,5,2021,1719,17,Sweden
1/5/2021,1,5,2021,4754,12,Sweden
30-04-2021,30,4,2021,5423,12,Sweden
29-04-2021,29,4,2021,5931,16,Sweden
28-04-2021,28,4,2021,7147,19,Sweden
27-04-2021,27,4,2021,7268,20,Sweden
26-04-2021,26,4,2021,3071,22,Sweden
25-04-2021,25,4,2021,1756,10,Sweden
24-04-2021,24,4,2021,4568,20,Sweden
23-04-2021,23,4,2021,5504,13,Sweden
22-04-2021,22,4,2021,6250,17,Sweden
21-04-2021,21,4,2021,7706,16,Sweden
20-04-2021,20,4,2021,7537,24,Sweden
19-04-2021,19,4,2021,2714,25,Sweden
18-04-2021,18,4,2021,2514,15,Sweden
17-04-2021,17,4,2021,4984,16,Sweden
16-04-2021,16,4,2021,6441,19,Sweden
15-04-2021,15,4,2021,7666,14,Sweden
14-04-2021,14,4,2021,7095,25,Sweden
13-04-2021,13,4,2021,8872,28,Sweden
12/4/2021,12,4,2021,3473,20,Sweden
11/4/2021,11,4,2021,2390,17,Sweden
10/4/2021,10,4,2021,5628,16,Sweden
9/4/2021,9,4,2021,7630,11,Sweden
8/4/2021,8,4,2021,7757,24,Sweden
7/4/2021,7,4,2021,7832,22,Sweden
6/4/2021,6,4,2021,6813,22,Sweden
5/4/2021,5,4,2021,3105,12,Sweden
4/4/2021,4,4,2021,1449,23,Sweden
3/4/2021,3,4,2021,3405,14,Sweden
2/4/2021,2,4,2021,6841,18,Sweden
1/4/2021,1,4,2021,6978,22,Sweden
31-03-2021,31,3,2021,8293,25,Sweden
30-03-2021,30,3,2021,8468,23,Sweden
29-03-2021,29,3,2021,2963,16,Sweden
28-03-2021,28,3,2021,1983,23,Sweden
27-03-2021,27,3,2021,5197,17,Sweden
26-03-2021,26,3,2021,6295,19,Sweden
25-03-2021,25,3,2021,6369,22,Sweden
24-03-2021,24,3,2021,7707,22,Sweden
23-03-2021,23,3,2021,7652,15,Sweden
22-03-2021,22,3,2021,2689,14,Sweden
21-03-2021,21,3,2021,1579,16,Sweden
20-03-2021,20,3,2021,4380,18,Sweden
19-03-2021,19,3,2021,5406,25,Sweden
18-03-2021,18,3,2021,5739,11,Sweden
17-03-2021,17,3,2021,6432,18,Sweden
16-03-2021,16,3,2021,6786,19,Sweden
15-03-2021,15,3,2021,2715,15,Sweden
14-03-2021,14,3,2021,1040,21,Sweden
13-03-2021,13,3,2021,3953,22,Sweden
12/3/2021,12,3,2021,4994,19,Sweden
11/3/2021,11,3,2021,5333,19,Sweden
10/3/2021,10,3,2021,5329,15,Sweden
9/3/2021,9,3,2021,5928,20,Sweden
8/3/2021,8,3,2021,1982,20,Sweden
7/3/2021,7,3,2021,1451,24,Sweden
6/3/2021,6,3,2021,3455,17,Sweden
5/3/2021,5,3,2021,4069,12,Sweden
4/3/2021,4,3,2021,4884,14,Sweden
3/3/2021,3,3,2021,4876,19,Sweden
2/3/2021,2,3,2021,6191,19,Sweden
